"","vector.x","type","label","units.x","parent_vector.x","aggregation.x","details.x","vector.y","units.y","parent_vector.y","aggregation.y","details.y","vector","units","parent_vector","aggregation","details"
"1","v_CA21_435","Total","Single-detached house","Number","v_CA21_434","Additive","CA 2021 Census; 100% data; Occupied private dwellings by structural type of dwelling data; Single-detached house","v_CA11F_200","Number","v_CA11F_199","Additive","CA 2011 Census; Total number of occupied private dwellings by structural type of dwelling; Single-detached house","v_CA16_409","Number","v_CA16_408","Additive","CA 2016 Census; 100% data; Occupied private dwellings by structural type of dwelling data; Single-detached house"
"2","v_CA21_442","Total","Movable dwelling","Number","v_CA21_434","Additive","CA 2021 Census; 100% data; Occupied private dwellings by structural type of dwelling data; Movable dwelling","v_CA11F_202","Number","v_CA11F_199","Additive","CA 2011 Census; Total number of occupied private dwellings by structural type of dwelling; Movable dwelling","v_CA16_417","Number","v_CA16_408","Additive","CA 2016 Census; 100% data; Occupied private dwellings by structural type of dwelling data; Movable dwelling"
"3","v_CA21_445","Total","2 persons","Number","v_CA21_443","Additive","CA 2021 Census; 100% data; Households; Private households by household size; 2 persons","v_CA11F_211","Number","v_CA11F_209","Additive","CA 2011 Census; Households; Total number of private households by household size; 2 persons","v_CA16_420","Number","v_CA16_418","Additive","CA 2016 Census; 100% data; Households; Private households by household size; 2 persons"
"4","v_CA21_446","Total","3 persons","Number","v_CA21_443","Additive","CA 2021 Census; 100% data; Households; Private households by household size; 3 persons","v_CA11F_212","Number","v_CA11F_209","Additive","CA 2011 Census; Households; Total number of private households by household size; 3 persons","v_CA16_421","Number","v_CA16_418","Additive","CA 2016 Census; 100% data; Households; Private households by household size; 3 persons"
"5","v_CA21_447","Total","4 persons","Number","v_CA21_443","Additive","CA 2021 Census; 100% data; Households; Private households by household size; 4 persons","v_CA11F_213","Number","v_CA11F_209","Additive","CA 2011 Census; Households; Total number of private households by household size; 4 persons","v_CA16_422","Number","v_CA16_418","Additive","CA 2016 Census; 100% data; Households; Private households by household size; 4 persons"
"6","v_CA21_468","Total","Separated","Number","v_CA21_462","Additive","CA 2021 Census; 100% data; Marital status for the total population aged 15 years and over; Married or living common-law; Living common-law; Separated","v_CA11F_101","Number","v_CA11F_95","Additive","CA 2011 Census; Total population 15 years and over by marital status; Not married and not living with a common-law partner; Separated","v_CA16_469","Number","v_CA16_463","Additive","CA 2016 Census; 100% data; Census Families; Total - Marital status for the population aged 15 years and over - 100% data; Not married and not living common law; Separated"
"7","v_CA21_471","Total","Divorced","Number","v_CA21_462","Additive","CA 2021 Census; 100% data; Marital status for the total population aged 15 years and over; Married or living common-law; Living common-law; Divorced","v_CA11F_104","Number","v_CA11F_95","Additive","CA 2011 Census; Total population 15 years and over by marital status; Not married and not living with a common-law partner; Divorced","v_CA16_472","Number","v_CA16_463","Additive","CA 2016 Census; 100% data; Census Families; Total - Marital status for the population aged 15 years and over - 100% data; Not married and not living common law; Divorced"
"8","v_CA21_474","Total","Widowed","Number","v_CA21_462","Additive","CA 2021 Census; 100% data; Marital status for the total population aged 15 years and over; Married or living common-law; Living common-law; Widowed","v_CA11F_107","Number","v_CA11F_95","Additive","CA 2011 Census; Total population 15 years and over by marital status; Not married and not living with a common-law partner; Widowed","v_CA16_475","Number","v_CA16_463","Additive","CA 2016 Census; 100% data; Census Families; Total - Marital status for the population aged 15 years and over - 100% data; Not married and not living common law; Widowed"
"9","v_CA21_483","Total","Separated","Number","v_CA21_477","Additive","CA 2021 Census; 100% data; Marital status for the total population aged 15 years and over; Not married and not living common-law; Separated","v_CA11F_101","Number","v_CA11F_95","Additive","CA 2011 Census; Total population 15 years and over by marital status; Not married and not living with a common-law partner; Separated","v_CA16_469","Number","v_CA16_463","Additive","CA 2016 Census; 100% data; Census Families; Total - Marital status for the population aged 15 years and over - 100% data; Not married and not living common law; Separated"
"10","v_CA21_486","Total","Divorced","Number","v_CA21_477","Additive","CA 2021 Census; 100% data; Marital status for the total population aged 15 years and over; Not married and not living common-law; Divorced","v_CA11F_104","Number","v_CA11F_95","Additive","CA 2011 Census; Total population 15 years and over by marital status; Not married and not living with a common-law partner; Divorced","v_CA16_472","Number","v_CA16_463","Additive","CA 2016 Census; 100% data; Census Families; Total - Marital status for the population aged 15 years and over - 100% data; Not married and not living common law; Divorced"
"11","v_CA21_489","Total","Widowed","Number","v_CA21_477","Additive","CA 2021 Census; 100% data; Marital status for the total population aged 15 years and over; Not married and not living common-law; Widowed","v_CA11F_107","Number","v_CA11F_95","Additive","CA 2011 Census; Total population 15 years and over by marital status; Not married and not living with a common-law partner; Widowed","v_CA16_475","Number","v_CA16_463","Additive","CA 2016 Census; 100% data; Census Families; Total - Marital status for the population aged 15 years and over - 100% data; Not married and not living common law; Widowed"
"12","v_CA21_493","Total","2 persons","Number","v_CA21_492","Additive","CA 2021 Census; 100% data; Census families; Census families in private households by family size; 2 persons","v_CA11F_211","Number","v_CA11F_209","Additive","CA 2011 Census; Households; Total number of private households by household size; 2 persons","v_CA16_420","Number","v_CA16_418","Additive","CA 2016 Census; 100% data; Households; Private households by household size; 2 persons"
"13","v_CA21_494","Total","3 persons","Number","v_CA21_492","Additive","CA 2021 Census; 100% data; Census families; Census families in private households by family size; 3 persons","v_CA11F_212","Number","v_CA11F_209","Additive","CA 2011 Census; Households; Total number of private households by household size; 3 persons","v_CA16_421","Number","v_CA16_418","Additive","CA 2016 Census; 100% data; Households; Private households by household size; 3 persons"
"14","v_CA21_495","Total","4 persons","Number","v_CA21_492","Additive","CA 2021 Census; 100% data; Census families; Census families in private households by family size; 4 persons","v_CA11F_213","Number","v_CA11F_209","Additive","CA 2011 Census; Households; Total number of private households by household size; 4 persons","v_CA16_422","Number","v_CA16_418","Additive","CA 2016 Census; 100% data; Households; Private households by household size; 4 persons"
"15","v_CA21_680","Total","$20,000 to $29,999","Number","v_CA21_671","Additive","CA 2021 Census; 100% data; Income; Total income groups in 2020 for the population aged 15 years and over in private households; With total income; $20,000 to $29,999","v_CA11N_2314","Number","v_CA11N_2299","Additive","CA 2011 NHS; Income; Individuals; Total Income; Total income in 2010 of population aged 15 years and over; With income; $20,000 to $29,999","v_CA16_2264","Number","v_CA16_2252","Additive","CA 2016 Census; 100% data; Income; Individuals; Total - Total income groups in 2015 for the population aged 15 years and over in private households - 100% data; With total income; $20,000 to $29,999"
"16","v_CA21_683","Total","$30,000 to $39,999","Number","v_CA21_671","Additive","CA 2021 Census; 100% data; Income; Total income groups in 2020 for the population aged 15 years and over in private households; With total income; $30,000 to $39,999","v_CA11N_2317","Number","v_CA11N_2299","Additive","CA 2011 NHS; Income; Individuals; Total Income; Total income in 2010 of population aged 15 years and over; With income; $30,000 to $39,999","v_CA16_2267","Number","v_CA16_2252","Additive","CA 2016 Census; 100% data; Income; Individuals; Total - Total income groups in 2015 for the population aged 15 years and over in private households - 100% data; With total income; $30,000 to $39,999"
"17","v_CA21_686","Total","$40,000 to $49,999","Number","v_CA21_671","Additive","CA 2021 Census; 100% data; Income; Total income groups in 2020 for the population aged 15 years and over in private households; With total income; $40,000 to $49,999","v_CA11N_2320","Number","v_CA11N_2299","Additive","CA 2011 NHS; Income; Individuals; Total Income; Total income in 2010 of population aged 15 years and over; With income; $40,000 to $49,999","v_CA16_2270","Number","v_CA16_2252","Additive","CA 2016 Census; 100% data; Income; Individuals; Total - Total income groups in 2015 for the population aged 15 years and over in private households - 100% data; With total income; $40,000 to $49,999"
"18","v_CA21_689","Total","$50,000 to $59,999","Number","v_CA21_671","Additive","CA 2021 Census; 100% data; Income; Total income groups in 2020 for the population aged 15 years and over in private households; With total income; $50,000 to $59,999","v_CA11N_2323","Number","v_CA11N_2299","Additive","CA 2011 NHS; Income; Individuals; Total Income; Total income in 2010 of population aged 15 years and over; With income; $50,000 to $59,999","v_CA16_2273","Number","v_CA16_2252","Additive","CA 2016 Census; 100% data; Income; Individuals; Total - Total income groups in 2015 for the population aged 15 years and over in private households - 100% data; With total income; $50,000 to $59,999"
"19","v_CA21_704","Total","$100,000 and over","Number","v_CA21_671","Additive","CA 2021 Census; 100% data; Income; Total income groups in 2020 for the population aged 15 years and over in private households; With total income; $100,000 and over","v_CA11N_2332","Number","v_CA11N_2299","Additive","CA 2011 NHS; Income; Individuals; Total Income; Total income in 2010 of population aged 15 years and over; With income; $100,000 and over","v_CA16_2288","Number","v_CA16_2252","Additive","CA 2016 Census; 100% data; Income; Individuals; Total - Total income groups in 2015 for the population aged 15 years and over in private households - 100% data; With total income; $100,000 and over"
"20","v_CA21_728","Total","$20,000 to $29,999","Number","v_CA21_719","Additive","CA 2021 Census; 100% data; Income; After-tax income groups in 2020 for the population aged 15 years and over in private households; With after-tax income; $20,000 to $29,999","v_CA11N_2314","Number","v_CA11N_2299","Additive","CA 2011 NHS; Income; Individuals; Total Income; Total income in 2010 of population aged 15 years and over; With income; $20,000 to $29,999","v_CA16_2264","Number","v_CA16_2252","Additive","CA 2016 Census; 100% data; Income; Individuals; Total - Total income groups in 2015 for the population aged 15 years and over in private households - 100% data; With total income; $20,000 to $29,999"
"21","v_CA21_731","Total","$30,000 to $39,999","Number","v_CA21_719","Additive","CA 2021 Census; 100% data; Income; After-tax income groups in 2020 for the population aged 15 years and over in private households; With after-tax income; $30,000 to $39,999","v_CA11N_2317","Number","v_CA11N_2299","Additive","CA 2011 NHS; Income; Individuals; Total Income; Total income in 2010 of population aged 15 years and over; With income; $30,000 to $39,999","v_CA16_2267","Number","v_CA16_2252","Additive","CA 2016 Census; 100% data; Income; Individuals; Total - Total income groups in 2015 for the population aged 15 years and over in private households - 100% data; With total income; $30,000 to $39,999"
"22","v_CA21_734","Total","$40,000 to $49,999","Number","v_CA21_719","Additive","CA 2021 Census; 100% data; Income; After-tax income groups in 2020 for the population aged 15 years and over in private households; With after-tax income; $40,000 to $49,999","v_CA11N_2320","Number","v_CA11N_2299","Additive","CA 2011 NHS; Income; Individuals; Total Income; Total income in 2010 of population aged 15 years and over; With income; $40,000 to $49,999","v_CA16_2270","Number","v_CA16_2252","Additive","CA 2016 Census; 100% data; Income; Individuals; Total - Total income groups in 2015 for the population aged 15 years and over in private households - 100% data; With total income; $40,000 to $49,999"
"23","v_CA21_737","Total","$50,000 to $59,999","Number","v_CA21_719","Additive","CA 2021 Census; 100% data; Income; After-tax income groups in 2020 for the population aged 15 years and over in private households; With after-tax income; $50,000 to $59,999","v_CA11N_2323","Number","v_CA11N_2299","Additive","CA 2011 NHS; Income; Individuals; Total Income; Total income in 2010 of population aged 15 years and over; With income; $50,000 to $59,999","v_CA16_2273","Number","v_CA16_2252","Additive","CA 2016 Census; 100% data; Income; Individuals; Total - Total income groups in 2015 for the population aged 15 years and over in private households - 100% data; With total income; $50,000 to $59,999"
"24","v_CA21_752","Total","$100,000 and over","Number","v_CA21_719","Additive","CA 2021 Census; 100% data; Income; After-tax income groups in 2020 for the population aged 15 years and over in private households; With after-tax income; $100,000 and over","v_CA11N_2332","Number","v_CA11N_2299","Additive","CA 2011 NHS; Income; Individuals; Total Income; Total income in 2010 of population aged 15 years and over; With income; $100,000 and over","v_CA16_2288","Number","v_CA16_2252","Additive","CA 2016 Census; 100% data; Income; Individuals; Total - Total income groups in 2015 for the population aged 15 years and over in private households - 100% data; With total income; $100,000 and over"
"25","v_CA21_773","Total","$5,000 to $9,999","Number","v_CA21_767","Additive","CA 2021 Census; 100% data; Income; Employment income groups in 2020 for the population aged 15 years and over in private households; With employment income; $5,000 to $9,999","v_CA11N_2305","Number","v_CA11N_2299","Additive","CA 2011 NHS; Income; Individuals; Total Income; Total income in 2010 of population aged 15 years and over; With income; $5,000 to $9,999","v_CA16_2360","Number","v_CA16_2351","Additive","CA 2016 Census; 100% data; Income; Individuals; Total - Employment income groups in 2015 for the population aged 15 years and over in private households - 100% data; With employment income; $5,000 to $9,999"
"26","v_CA21_779","Total","$20,000 to $29,999","Number","v_CA21_767","Additive","CA 2021 Census; 100% data; Income; Employment income groups in 2020 for the population aged 15 years and over in private households; With employment income; $20,000 to $29,999","v_CA11N_2314","Number","v_CA11N_2299","Additive","CA 2011 NHS; Income; Individuals; Total Income; Total income in 2010 of population aged 15 years and over; With income; $20,000 to $29,999","v_CA16_2264","Number","v_CA16_2252","Additive","CA 2016 Census; 100% data; Income; Individuals; Total - Total income groups in 2015 for the population aged 15 years and over in private households - 100% data; With total income; $20,000 to $29,999"
"27","v_CA21_782","Total","$30,000 to $39,999","Number","v_CA21_767","Additive","CA 2021 Census; 100% data; Income; Employment income groups in 2020 for the population aged 15 years and over in private households; With employment income; $30,000 to $39,999","v_CA11N_2317","Number","v_CA11N_2299","Additive","CA 2011 NHS; Income; Individuals; Total Income; Total income in 2010 of population aged 15 years and over; With income; $30,000 to $39,999","v_CA16_2267","Number","v_CA16_2252","Additive","CA 2016 Census; 100% data; Income; Individuals; Total - Total income groups in 2015 for the population aged 15 years and over in private households - 100% data; With total income; $30,000 to $39,999"
"28","v_CA21_785","Total","$40,000 to $49,999","Number","v_CA21_767","Additive","CA 2021 Census; 100% data; Income; Employment income groups in 2020 for the population aged 15 years and over in private households; With employment income; $40,000 to $49,999","v_CA11N_2320","Number","v_CA11N_2299","Additive","CA 2011 NHS; Income; Individuals; Total Income; Total income in 2010 of population aged 15 years and over; With income; $40,000 to $49,999","v_CA16_2270","Number","v_CA16_2252","Additive","CA 2016 Census; 100% data; Income; Individuals; Total - Total income groups in 2015 for the population aged 15 years and over in private households - 100% data; With total income; $40,000 to $49,999"
"29","v_CA21_788","Total","$50,000 to $59,999","Number","v_CA21_767","Additive","CA 2021 Census; 100% data; Income; Employment income groups in 2020 for the population aged 15 years and over in private households; With employment income; $50,000 to $59,999","v_CA11N_2323","Number","v_CA11N_2299","Additive","CA 2011 NHS; Income; Individuals; Total Income; Total income in 2010 of population aged 15 years and over; With income; $50,000 to $59,999","v_CA16_2273","Number","v_CA16_2252","Additive","CA 2016 Census; 100% data; Income; Individuals; Total - Total income groups in 2015 for the population aged 15 years and over in private households - 100% data; With total income; $50,000 to $59,999"
"30","v_CA21_803","Total","$100,000 and over","Number","v_CA21_767","Additive","CA 2021 Census; 100% data; Income; Employment income groups in 2020 for the population aged 15 years and over in private households; With employment income; $100,000 and over","v_CA11N_2332","Number","v_CA11N_2299","Additive","CA 2011 NHS; Income; Individuals; Total Income; Total income in 2010 of population aged 15 years and over; With income; $100,000 and over","v_CA16_2288","Number","v_CA16_2252","Additive","CA 2016 Census; 100% data; Income; Individuals; Total - Total income groups in 2015 for the population aged 15 years and over in private households - 100% data; With total income; $100,000 and over"
"31","v_CA21_924","Total","Under $5,000","Number","v_CA21_923","Additive","CA 2021 Census; 100% data; Income; Household income; Household total income groups in 2020 for private households; Under $5,000","v_CA11N_2302","Number","v_CA11N_2299","Additive","CA 2011 NHS; Income; Individuals; Total Income; Total income in 2010 of population aged 15 years and over; With income; Under $5,000","v_CA16_2406","Number","v_CA16_2405","Additive","CA 2016 Census; 100% data; Income; Households; Total - Household total income groups in 2015 for private households - 100% data; Under $5,000"
"32","v_CA21_925","Total","$5,000 to $9,999","Number","v_CA21_923","Additive","CA 2021 Census; 100% data; Income; Household income; Household total income groups in 2020 for private households; $5,000 to $9,999","v_CA11N_2305","Number","v_CA11N_2299","Additive","CA 2011 NHS; Income; Individuals; Total Income; Total income in 2010 of population aged 15 years and over; With income; $5,000 to $9,999","v_CA16_2360","Number","v_CA16_2351","Additive","CA 2016 Census; 100% data; Income; Individuals; Total - Employment income groups in 2015 for the population aged 15 years and over in private households - 100% data; With employment income; $5,000 to $9,999"
"33","v_CA21_926","Total","$10,000 to $14,999","Number","v_CA21_923","Additive","CA 2021 Census; 100% data; Income; Household income; Household total income groups in 2020 for private households; $10,000 to $14,999","v_CA11N_2308","Number","v_CA11N_2299","Additive","CA 2011 NHS; Income; Individuals; Total Income; Total income in 2010 of population aged 15 years and over; With income; $10,000 to $14,999","v_CA16_2408","Number","v_CA16_2405","Additive","CA 2016 Census; 100% data; Income; Households; Total - Household total income groups in 2015 for private households - 100% data; $10,000 to $14,999"
"34","v_CA21_927","Total","$15,000 to $19,999","Number","v_CA21_923","Additive","CA 2021 Census; 100% data; Income; Household income; Household total income groups in 2020 for private households; $15,000 to $19,999","v_CA11N_2311","Number","v_CA11N_2299","Additive","CA 2011 NHS; Income; Individuals; Total Income; Total income in 2010 of population aged 15 years and over; With income; $15,000 to $19,999","v_CA16_2409","Number","v_CA16_2405","Additive","CA 2016 Census; 100% data; Income; Households; Total - Household total income groups in 2015 for private households - 100% data; $15,000 to $19,999"
"35","v_CA21_934","Total","$50,000 to $59,999","Number","v_CA21_923","Additive","CA 2021 Census; 100% data; Income; Household income; Household total income groups in 2020 for private households; $50,000 to $59,999","v_CA11N_2323","Number","v_CA11N_2299","Additive","CA 2011 NHS; Income; Individuals; Total Income; Total income in 2010 of population aged 15 years and over; With income; $50,000 to $59,999","v_CA16_2273","Number","v_CA16_2252","Additive","CA 2016 Census; 100% data; Income; Individuals; Total - Total income groups in 2015 for the population aged 15 years and over in private households - 100% data; With total income; $50,000 to $59,999"
"36","v_CA21_939","Total","$100,000 and over","Number","v_CA21_923","Additive","CA 2021 Census; 100% data; Income; Household income; Household total income groups in 2020 for private households; $100,000 and over","v_CA11N_2332","Number","v_CA11N_2299","Additive","CA 2011 NHS; Income; Individuals; Total Income; Total income in 2010 of population aged 15 years and over; With income; $100,000 and over","v_CA16_2288","Number","v_CA16_2252","Additive","CA 2016 Census; 100% data; Income; Individuals; Total - Total income groups in 2015 for the population aged 15 years and over in private households - 100% data; With total income; $100,000 and over"
"37","v_CA21_945","Total","Under $5,000","Number","v_CA21_944","Additive","CA 2021 Census; 100% data; Income; Household income; Household after-tax income groups in 2020 for private households; Under $5,000","v_CA11N_2302","Number","v_CA11N_2299","Additive","CA 2011 NHS; Income; Individuals; Total Income; Total income in 2010 of population aged 15 years and over; With income; Under $5,000","v_CA16_2406","Number","v_CA16_2405","Additive","CA 2016 Census; 100% data; Income; Households; Total - Household total income groups in 2015 for private households - 100% data; Under $5,000"
"38","v_CA21_946","Total","$5,000 to $9,999","Number","v_CA21_944","Additive","CA 2021 Census; 100% data; Income; Household income; Household after-tax income groups in 2020 for private households; $5,000 to $9,999","v_CA11N_2305","Number","v_CA11N_2299","Additive","CA 2011 NHS; Income; Individuals; Total Income; Total income in 2010 of population aged 15 years and over; With income; $5,000 to $9,999","v_CA16_2360","Number","v_CA16_2351","Additive","CA 2016 Census; 100% data; Income; Individuals; Total - Employment income groups in 2015 for the population aged 15 years and over in private households - 100% data; With employment income; $5,000 to $9,999"
"39","v_CA21_947","Total","$10,000 to $14,999","Number","v_CA21_944","Additive","CA 2021 Census; 100% data; Income; Household income; Household after-tax income groups in 2020 for private households; $10,000 to $14,999","v_CA11N_2308","Number","v_CA11N_2299","Additive","CA 2011 NHS; Income; Individuals; Total Income; Total income in 2010 of population aged 15 years and over; With income; $10,000 to $14,999","v_CA16_2408","Number","v_CA16_2405","Additive","CA 2016 Census; 100% data; Income; Households; Total - Household total income groups in 2015 for private households - 100% data; $10,000 to $14,999"
"40","v_CA21_948","Total","$15,000 to $19,999","Number","v_CA21_944","Additive","CA 2021 Census; 100% data; Income; Household income; Household after-tax income groups in 2020 for private households; $15,000 to $19,999","v_CA11N_2311","Number","v_CA11N_2299","Additive","CA 2011 NHS; Income; Individuals; Total Income; Total income in 2010 of population aged 15 years and over; With income; $15,000 to $19,999","v_CA16_2409","Number","v_CA16_2405","Additive","CA 2016 Census; 100% data; Income; Households; Total - Household total income groups in 2015 for private households - 100% data; $15,000 to $19,999"
"41","v_CA21_955","Total","$50,000 to $59,999","Number","v_CA21_944","Additive","CA 2021 Census; 100% data; Income; Household income; Household after-tax income groups in 2020 for private households; $50,000 to $59,999","v_CA11N_2323","Number","v_CA11N_2299","Additive","CA 2011 NHS; Income; Individuals; Total Income; Total income in 2010 of population aged 15 years and over; With income; $50,000 to $59,999","v_CA16_2273","Number","v_CA16_2252","Additive","CA 2016 Census; 100% data; Income; Individuals; Total - Total income groups in 2015 for the population aged 15 years and over in private households - 100% data; With total income; $50,000 to $59,999"
"42","v_CA21_960","Total","$100,000 and over","Number","v_CA21_944","Additive","CA 2021 Census; 100% data; Income; Household income; Household after-tax income groups in 2020 for private households; $100,000 and over","v_CA11N_2332","Number","v_CA11N_2299","Additive","CA 2011 NHS; Income; Individuals; Total Income; Total income in 2010 of population aged 15 years and over; With income; $100,000 and over","v_CA16_2288","Number","v_CA16_2252","Additive","CA 2016 Census; 100% data; Income; Individuals; Total - Total income groups in 2015 for the population aged 15 years and over in private households - 100% data; With total income; $100,000 and over"
"43","v_CA21_4407","Total","Non-immigrants","Number","v_CA21_4404","Additive","CA 2021 Census; 25% Data; Citizenship and immigration; Total - Immigrant status and period of immigration for the population in private households; Non-immigrants","v_CA11N_19","Number","v_CA11N_16","Additive","CA 2011 NHS; Citizenship and Immigration; Total population in private households by immigrant status and period of immigration; Non-immigrants","v_CA16_3408","Number","v_CA16_3405","Additive","CA 2016 Census; 25% Data; Citizenship and Immigration; Total - Immigrant status and period of immigration for the population in private households - 25% sample data; Non-immigrants"
"44","v_CA21_4410","Total","Immigrants","Number","v_CA21_4404","Additive","CA 2021 Census; 25% Data; Citizenship and immigration; Total - Immigrant status and period of immigration for the population in private households; Immigrants","v_CA11N_22","Number","v_CA11N_16","Additive","CA 2011 NHS; Citizenship and Immigration; Total population in private households by immigrant status and period of immigration; Immigrants","v_CA16_3411","Number","v_CA16_3405","Additive","CA 2016 Census; 25% Data; Citizenship and Immigration; Total - Immigrant status and period of immigration for the population in private households - 25% sample data; Immigrants"
"45","v_CA21_4434","Total","Non-permanent residents","Number","v_CA21_4404","Additive","CA 2021 Census; 25% Data; Citizenship and immigration; Total - Immigrant status and period of immigration for the population in private households; Non-permanent residents","v_CA11N_46","Number","v_CA11N_16","Additive","CA 2011 NHS; Citizenship and Immigration; Total population in private households by immigrant status and period of immigration; Non-permanent residents","v_CA16_3435","Number","v_CA16_3405","Additive","CA 2016 Census; 25% Data; Citizenship and Immigration; Total - Immigrant status and period of immigration for the population in private households - 25% sample data; Non-permanent residents"
"46","v_CA21_5820","Total","No certificate, diploma or degree","Number","v_CA21_5817","Additive","CA 2021 Census; 25% Data; Education; Total - Highest certificate, diploma or degree for the population aged 15 years and over in private households; No certificate, diploma or degree","v_CA11N_1774","Number","v_CA11N_1771","Additive","CA 2011 NHS; Education; Total population aged 15 years and over by highest certificate, diploma or degree; No certificate, diploma or degree","v_CA16_5054","Number","v_CA16_5051","Additive","CA 2016 Census; 25% Data; Education; Certificate/Degree; Total - Highest certificate, diploma or degree for the population aged 15 years and over in private households - 25% sample data; No certificate, diploma or degree"
"47","v_CA21_5832","Total","Apprenticeship or trades certificate or diploma","Number","v_CA21_5829","Additive","CA 2021 Census; 25% Data; Education; Total - Highest certificate, diploma or degree for the population aged 15 years and over in private households; Postsecondary certificate, diploma or degree; Postsecondary certificate or diploma below bachelor level; Apprenticeship or trades certificate or diploma","v_CA11N_1783","Number","v_CA11N_1780","Additive","CA 2011 NHS; Education; Total population aged 15 years and over by highest certificate, diploma or degree; Postsecondary certificate, diploma or degree; Apprenticeship or trades certificate or diploma","v_CA16_5063","Number","v_CA16_5060","Additive","CA 2016 Census; 25% Data; Education; Certificate/Degree; Total - Highest certificate, diploma or degree for the population aged 15 years and over in private households - 25% sample data; Postsecondary certificate, diploma or degree; Apprenticeship or trades certificate or diploma"
"48","v_CA21_5841","Total","College, CEGEP or other non-university certificate or diploma","Number","v_CA21_5829","Additive","CA 2021 Census; 25% Data; Education; Total - Highest certificate, diploma or degree for the population aged 15 years and over in private households; Postsecondary certificate, diploma or degree; Postsecondary certificate or diploma below bachelor level; College, CEGEP or other non-university certificate or diploma","v_CA11N_1786","Number","v_CA11N_1780","Additive","CA 2011 NHS; Education; Total population aged 15 years and over by highest certificate, diploma or degree; Postsecondary certificate, diploma or degree; College, CEGEP or other non-university certificate or diploma","v_CA16_5072","Number","v_CA16_5060","Additive","CA 2016 Census; 25% Data; Education; Certificate/Degree; Total - Highest certificate, diploma or degree for the population aged 15 years and over in private households - 25% sample data; Postsecondary certificate, diploma or degree; College, CEGEP or other non-university certificate or diploma"
"49","v_CA21_5844","Total","University certificate or diploma below bachelor level","Number","v_CA21_5829","Additive","CA 2021 Census; 25% Data; Education; Total - Highest certificate, diploma or degree for the population aged 15 years and over in private households; Postsecondary certificate, diploma or degree; Postsecondary certificate or diploma below bachelor level; University certificate or diploma below bachelor level","v_CA11N_1789","Number","v_CA11N_1780","Additive","CA 2011 NHS; Education; Total population aged 15 years and over by highest certificate, diploma or degree; Postsecondary certificate, diploma or degree; University certificate or diploma below bachelor level","v_CA16_5075","Number","v_CA16_5060","Additive","CA 2016 Census; 25% Data; Education; Certificate/Degree; Total - Highest certificate, diploma or degree for the population aged 15 years and over in private households - 25% sample data; Postsecondary certificate, diploma or degree; University certificate or diploma below bachelor level"
"50","v_CA21_5868","Total","No certificate, diploma or degree","Number","v_CA21_5865","Additive","CA 2021 Census; 25% Data; Education; Total - Highest certificate, diploma or degree for the population aged 25 to 64 years in private households; No certificate, diploma or degree","v_CA11N_1774","Number","v_CA11N_1771","Additive","CA 2011 NHS; Education; Total population aged 15 years and over by highest certificate, diploma or degree; No certificate, diploma or degree","v_CA16_5054","Number","v_CA16_5051","Additive","CA 2016 Census; 25% Data; Education; Certificate/Degree; Total - Highest certificate, diploma or degree for the population aged 15 years and over in private households - 25% sample data; No certificate, diploma or degree"
"51","v_CA21_5880","Total","Apprenticeship or trades certificate or diploma","Number","v_CA21_5877","Additive","CA 2021 Census; 25% Data; Education; Total - Highest certificate, diploma or degree for the population aged 25 to 64 years in private households; Postsecondary certificate, diploma or degree; Postsecondary certificate or diploma below bachelor level; Apprenticeship or trades certificate or diploma","v_CA11N_1783","Number","v_CA11N_1780","Additive","CA 2011 NHS; Education; Total population aged 15 years and over by highest certificate, diploma or degree; Postsecondary certificate, diploma or degree; Apprenticeship or trades certificate or diploma","v_CA16_5063","Number","v_CA16_5060","Additive","CA 2016 Census; 25% Data; Education; Certificate/Degree; Total - Highest certificate, diploma or degree for the population aged 15 years and over in private households - 25% sample data; Postsecondary certificate, diploma or degree; Apprenticeship or trades certificate or diploma"
"52","v_CA21_5889","Total","College, CEGEP or other non-university certificate or diploma","Number","v_CA21_5877","Additive","CA 2021 Census; 25% Data; Education; Total - Highest certificate, diploma or degree for the population aged 25 to 64 years in private households; Postsecondary certificate, diploma or degree; Postsecondary certificate or diploma below bachelor level; College, CEGEP or other non-university certificate or diploma","v_CA11N_1786","Number","v_CA11N_1780","Additive","CA 2011 NHS; Education; Total population aged 15 years and over by highest certificate, diploma or degree; Postsecondary certificate, diploma or degree; College, CEGEP or other non-university certificate or diploma","v_CA16_5072","Number","v_CA16_5060","Additive","CA 2016 Census; 25% Data; Education; Certificate/Degree; Total - Highest certificate, diploma or degree for the population aged 15 years and over in private households - 25% sample data; Postsecondary certificate, diploma or degree; College, CEGEP or other non-university certificate or diploma"
"53","v_CA21_5892","Total","University certificate or diploma below bachelor level","Number","v_CA21_5877","Additive","CA 2021 Census; 25% Data; Education; Total - Highest certificate, diploma or degree for the population aged 25 to 64 years in private households; Postsecondary certificate, diploma or degree; Postsecondary certificate or diploma below bachelor level; University certificate or diploma below bachelor level","v_CA11N_1789","Number","v_CA11N_1780","Additive","CA 2011 NHS; Education; Total population aged 15 years and over by highest certificate, diploma or degree; Postsecondary certificate, diploma or degree; University certificate or diploma below bachelor level","v_CA16_5075","Number","v_CA16_5060","Additive","CA 2016 Census; 25% Data; Education; Certificate/Degree; Total - Highest certificate, diploma or degree for the population aged 15 years and over in private households - 25% sample data; Postsecondary certificate, diploma or degree; University certificate or diploma below bachelor level"
"54","v_CA21_6498","Total","Employed","Number","v_CA21_6495","Additive","CA 2021 Census; 25% Data; Work; Total - Population aged 15 years and over by labour force status; In the labour force; Employed","v_CA11N_1993","Number","v_CA11N_1990","Additive","CA 2011 NHS; Work; Labour force status; Total population aged 15 years and over by labour force status; In the labour force; Employed","v_CA16_5603","Number","v_CA16_5600","Additive","CA 2016 Census; 25% Data; Work; Labour Force Status; Total - Population aged 15 years and over by Labour force status - 25% sample data; In the labour force; Employed"
"55","v_CA21_6501","Total","Unemployed","Number","v_CA21_6495","Additive","CA 2021 Census; 25% Data; Work; Total - Population aged 15 years and over by labour force status; In the labour force; Unemployed","v_CA11N_1996","Number","v_CA11N_1990","Additive","CA 2011 NHS; Work; Labour force status; Total population aged 15 years and over by labour force status; In the labour force; Unemployed","v_CA16_5606","Number","v_CA16_5600","Additive","CA 2016 Census; 25% Data; Work; Labour Force Status; Total - Population aged 15 years and over by Labour force status - 25% sample data; In the labour force; Unemployed"
"56","v_CA21_6504","Total","Not in the labour force","Number","v_CA21_6492","Additive","CA 2021 Census; 25% Data; Work; Total - Population aged 15 years and over by labour force status; Not in the labour force","v_CA11N_1999","Number","v_CA11N_1987","Additive","CA 2011 NHS; Work; Labour force status; Total population aged 15 years and over by labour force status; Not in the labour force","v_CA16_5609","Number","v_CA16_5597","Additive","CA 2016 Census; 25% Data; Work; Labour Force Status; Total - Population aged 15 years and over by Labour force status - 25% sample data; Not in the labour force"
"57","v_CA21_6573","Total","1 Business, finance and administration occupations","Number","v_CA21_6567","Additive","CA 2021 Census; 25% Data; Work; Total - Labour force aged 15 years and over by occupation - Broad category - National Occupational Classification (NOC) 2021; All occupations; 1 Business, finance and administration occupations","v_CA11N_2038","Number","v_CA11N_2032","Additive","CA 2011 NHS; Work; Total labour force population aged 15 years and over by occupation - National Occupational Classification (NOC) 2011; All occupations; 1 Business, finance and administration occupations","v_CA16_5666","Number","v_CA16_5660","Additive","CA 2016 Census; 25% Data; Work; Total labour force population aged 15 years and over by occupation - National Occupational Classification (NOC) 2016 - 25% sample data; All occupations; 1 Business, finance and administration occupations"
"58","v_CA21_6576","Total","2 Natural and applied sciences and related occupations","Number","v_CA21_6567","Additive","CA 2021 Census; 25% Data; Work; Total - Labour force aged 15 years and over by occupation - Broad category - National Occupational Classification (NOC) 2021; All occupations; 2 Natural and applied sciences and related occupations","v_CA11N_2041","Number","v_CA11N_2032","Additive","CA 2011 NHS; Work; Total labour force population aged 15 years and over by occupation - National Occupational Classification (NOC) 2011; All occupations; 2 Natural and applied sciences and related occupations","v_CA16_5669","Number","v_CA16_5660","Additive","CA 2016 Census; 25% Data; Work; Total labour force population aged 15 years and over by occupation - National Occupational Classification (NOC) 2016 - 25% sample data; All occupations; 2 Natural and applied sciences and related occupations"
"59","v_CA21_6579","Total","3 Health occupations","Number","v_CA21_6567","Additive","CA 2021 Census; 25% Data; Work; Total - Labour force aged 15 years and over by occupation - Broad category - National Occupational Classification (NOC) 2021; All occupations; 3 Health occupations","v_CA11N_2044","Number","v_CA11N_2032","Additive","CA 2011 NHS; Work; Total labour force population aged 15 years and over by occupation - National Occupational Classification (NOC) 2011; All occupations; 3 Health occupations","v_CA16_5672","Number","v_CA16_5660","Additive","CA 2016 Census; 25% Data; Work; Total labour force population aged 15 years and over by occupation - National Occupational Classification (NOC) 2016 - 25% sample data; All occupations; 3 Health occupations"
"60","v_CA21_6582","Total","4 Occupations in education, law and social, community and government services","Number","v_CA21_6567","Additive","CA 2021 Census; 25% Data; Work; Total - Labour force aged 15 years and over by occupation - Broad category - National Occupational Classification (NOC) 2021; All occupations; 4 Occupations in education, law and social, community and government services","v_CA11N_2047","Number","v_CA11N_2032","Additive","CA 2011 NHS; Work; Total labour force population aged 15 years and over by occupation - National Occupational Classification (NOC) 2011; All occupations; 4 Occupations in education, law and social, community and government services","v_CA16_5675","Number","v_CA16_5660","Additive","CA 2016 Census; 25% Data; Work; Total labour force population aged 15 years and over by occupation - National Occupational Classification (NOC) 2016 - 25% sample data; All occupations; 4 Occupations in education, law and social, community and government services"
"61","v_CA21_6585","Total","5 Occupations in art, culture, recreation and sport","Number","v_CA21_6567","Additive","CA 2021 Census; 25% Data; Work; Total - Labour force aged 15 years and over by occupation - Broad category - National Occupational Classification (NOC) 2021; All occupations; 5 Occupations in art, culture, recreation and sport","v_CA11N_2050","Number","v_CA11N_2032","Additive","CA 2011 NHS; Work; Total labour force population aged 15 years and over by occupation - National Occupational Classification (NOC) 2011; All occupations; 5 Occupations in art, culture, recreation and sport","v_CA16_5678","Number","v_CA16_5660","Additive","CA 2016 Census; 25% Data; Work; Total labour force population aged 15 years and over by occupation - National Occupational Classification (NOC) 2016 - 25% sample data; All occupations; 5 Occupations in art, culture, recreation and sport"
"62","v_CA21_6588","Total","6 Sales and service occupations","Number","v_CA21_6567","Additive","CA 2021 Census; 25% Data; Work; Total - Labour force aged 15 years and over by occupation - Broad category - National Occupational Classification (NOC) 2021; All occupations; 6 Sales and service occupations","v_CA11N_2053","Number","v_CA11N_2032","Additive","CA 2011 NHS; Work; Total labour force population aged 15 years and over by occupation - National Occupational Classification (NOC) 2011; All occupations; 6 Sales and service occupations","v_CA16_5681","Number","v_CA16_5660","Additive","CA 2016 Census; 25% Data; Work; Total labour force population aged 15 years and over by occupation - National Occupational Classification (NOC) 2016 - 25% sample data; All occupations; 6 Sales and service occupations"
"63","v_CA21_6591","Total","7 Trades, transport and equipment operators and related occupations","Number","v_CA21_6567","Additive","CA 2021 Census; 25% Data; Work; Total - Labour force aged 15 years and over by occupation - Broad category - National Occupational Classification (NOC) 2021; All occupations; 7 Trades, transport and equipment operators and related occupations","v_CA11N_2056","Number","v_CA11N_2032","Additive","CA 2011 NHS; Work; Total labour force population aged 15 years and over by occupation - National Occupational Classification (NOC) 2011; All occupations; 7 Trades, transport and equipment operators and related occupations","v_CA16_5684","Number","v_CA16_5660","Additive","CA 2016 Census; 25% Data; Work; Total labour force population aged 15 years and over by occupation - National Occupational Classification (NOC) 2016 - 25% sample data; All occupations; 7 Trades, transport and equipment operators and related occupations"
"64","v_CA21_6594","Total","8 Natural resources, agriculture and related production occupations","Number","v_CA21_6567","Additive","CA 2021 Census; 25% Data; Work; Total - Labour force aged 15 years and over by occupation - Broad category - National Occupational Classification (NOC) 2021; All occupations; 8 Natural resources, agriculture and related production occupations","v_CA11N_2059","Number","v_CA11N_2032","Additive","CA 2011 NHS; Work; Total labour force population aged 15 years and over by occupation - National Occupational Classification (NOC) 2011; All occupations; 8 Natural resources, agriculture and related production occupations","v_CA16_5687","Number","v_CA16_5660","Additive","CA 2016 Census; 25% Data; Work; Total labour force population aged 15 years and over by occupation - National Occupational Classification (NOC) 2016 - 25% sample data; All occupations; 8 Natural resources, agriculture and related production occupations"
"65","v_CA21_6597","Total","9 Occupations in manufacturing and utilities","Number","v_CA21_6567","Additive","CA 2021 Census; 25% Data; Work; Total - Labour force aged 15 years and over by occupation - Broad category - National Occupational Classification (NOC) 2021; All occupations; 9 Occupations in manufacturing and utilities","v_CA11N_2062","Number","v_CA11N_2032","Additive","CA 2011 NHS; Work; Total labour force population aged 15 years and over by occupation - National Occupational Classification (NOC) 2011; All occupations; 9 Occupations in manufacturing and utilities","v_CA16_5690","Number","v_CA16_5660","Additive","CA 2016 Census; 25% Data; Work; Total labour force population aged 15 years and over by occupation - National Occupational Classification (NOC) 2016 - 25% sample data; All occupations; 9 Occupations in manufacturing and utilities"
"66","v_CA21_7644","Total","Public transit","Number","v_CA21_7632","Additive","CA 2021 Census; 25% Data; Commute; Total - Main mode of commuting for the employed labour force aged 15 years and over with a usual place of work or no fixed workplace address; Public transit","v_CA11N_2200","Number","v_CA11N_2191","Additive","CA 2011 NHS; Commute; Total employed population aged 15 years and over with a usual place of work or no fixed workplace address by mode of transportation; Public transit","v_CA16_5801","Number","v_CA16_5792","Additive","CA 2016 Census; 25% Data; Commute; Total - Main mode of commuting for the employed labour force aged 15 years and over in private households with a usual place of work or no fixed workplace address - 25% sample data; Public transit"
"67","v_CA21_7647","Total","Walked","Number","v_CA21_7632","Additive","CA 2021 Census; 25% Data; Commute; Total - Main mode of commuting for the employed labour force aged 15 years and over with a usual place of work or no fixed workplace address; Walked","v_CA11N_2203","Number","v_CA11N_2191","Additive","CA 2011 NHS; Commute; Total employed population aged 15 years and over with a usual place of work or no fixed workplace address by mode of transportation; Walked","v_CA16_5804","Number","v_CA16_5792","Additive","CA 2016 Census; 25% Data; Commute; Total - Main mode of commuting for the employed labour force aged 15 years and over in private households with a usual place of work or no fixed workplace address - 25% sample data; Walked"
"68","v_CA21_7650","Total","Bicycle","Number","v_CA21_7632","Additive","CA 2021 Census; 25% Data; Commute; Total - Main mode of commuting for the employed labour force aged 15 years and over with a usual place of work or no fixed workplace address; Bicycle","v_CA11N_2206","Number","v_CA11N_2191","Additive","CA 2011 NHS; Commute; Total employed population aged 15 years and over with a usual place of work or no fixed workplace address by mode of transportation; Bicycle","v_CA16_5807","Number","v_CA16_5792","Additive","CA 2016 Census; 25% Data; Commute; Total - Main mode of commuting for the employed labour force aged 15 years and over in private households with a usual place of work or no fixed workplace address - 25% sample data; Bicycle"
