"","id","vector.x","type.x","label.x","units.x","parent_vector.x","aggregation.x","details.x","vector.y","type.y","label.y","units.y","parent_vector.y","aggregation.y","details.y","vector","type","label","units","parent_vector","aggregation","details"
"1",1,"v_CA11F_199","Total","Total number of occupied private dwellings by structural type of dwelling","Number","CA11F","Additive","CA 2011 Census; Total number of occupied private dwellings by structural type of dwelling","v_CA16_408","Total","Occupied private dwellings by structural type of dwelling data","Number",NA,"Additive","CA 2016 Census; 100% data; Occupied private dwellings by structural type of dwelling data","v_CA21_434","Total","Occupied private dwellings by structural type of dwelling data","Number",NA,"Additive","CA 2021 Census; 100% data; Occupied private dwellings by structural type of dwelling data"
"2",2,"v_CA11F_200","Total","Single-detached house","Number","v_CA11F_199","Additive","CA 2011 Census; Total number of occupied private dwellings by structural type of dwelling; Single-detached house","v_CA16_409","Total","Single-detached house","Number","v_CA16_408","Additive","CA 2016 Census; 100% data; Occupied private dwellings by structural type of dwelling data; Single-detached house","v_CA21_435","Total","Single-detached house","Number","v_CA21_434","Additive","CA 2021 Census; 100% data; Occupied private dwellings by structural type of dwelling data; Single-detached house"
"3",3,"v_CA11F_201","Total","Apartment, building that has five or more storeys","Number","v_CA11F_199","Additive","CA 2011 Census; Total number of occupied private dwellings by structural type of dwelling; Apartment, building that has five or more storeys","v_CA16_410","Total","Apartment in a building that has five or more storeys","Number","v_CA16_408","Additive","CA 2016 Census; 100% data; Occupied private dwellings by structural type of dwelling data; Apartment in a building that has five or more storeys","v_CA21_440","Total","Apartment in a building that has five or more storeys","Number","v_CA21_434","Additive","CA 2021 Census; 100% data; Occupied private dwellings by structural type of dwelling data; Apartment in a building that has five or more storeys"
"4",4,"v_CA11F_202","Total","Movable dwelling","Number","v_CA11F_199","Additive","CA 2011 Census; Total number of occupied private dwellings by structural type of dwelling; Movable dwelling","v_CA16_411","Total","Other attached dwelling","Number","v_CA16_408","Additive","CA 2016 Census; 100% data; Occupied private dwellings by structural type of dwelling data; Other attached dwelling","v_CA21_441","Total","Other single-attached house","Number","v_CA21_434","Additive","CA 2021 Census; 100% data; Occupied private dwellings by structural type of dwelling data; Other single-attached house"
"5",5,"v_CA11F_203","Total","Other dwelling","Number","v_CA11F_199","Additive","CA 2011 Census; Total number of occupied private dwellings by structural type of dwelling; Other dwelling","v_CA16_417","Total","Movable dwelling","Number","v_CA16_408","Additive","CA 2016 Census; 100% data; Occupied private dwellings by structural type of dwelling data; Movable dwelling","v_CA21_442","Total","Movable dwelling","Number","v_CA21_434","Additive","CA 2021 Census; 100% data; Occupied private dwellings by structural type of dwelling data; Movable dwelling"
"6",6,"v_CA11F_86","Total","Married or living with a common-law partner","Number","v_CA11F_83","Additive","CA 2011 Census; Total population 15 years and over by marital status; Married or living with a common-law partner","v_CA16_454","Total","Married or living common law","Number","v_CA16_451","Additive","CA 2016 Census; 100% data; Census Families; Total - Marital status for the population aged 15 years and over - 100% data; Married or living common law","v_CA21_456","Total","Married or living common-law","Number","v_CA21_453","Additive","CA 2021 Census; 100% data; Marital status for the total population aged 15 years and over; Married or living common-law"
"7",7,"v_CA11F_95","Total","Not married and not living with a common-law partner","Number","v_CA11F_83","Additive","CA 2011 Census; Total population 15 years and over by marital status; Not married and not living with a common-law partner","v_CA16_463","Total","Not married and not living common law","Number","v_CA16_451","Additive","CA 2016 Census; 100% data; Census Families; Total - Marital status for the population aged 15 years and over - 100% data; Not married and not living common law","v_CA21_477","Total","Not married and not living common-law","Number","v_CA21_453","Additive","CA 2021 Census; 100% data; Marital status for the total population aged 15 years and over; Not married and not living common-law"
"8",8,"v_CA11F_98","Total","Single (never legally married)","Number","v_CA11F_95","Additive","CA 2011 Census; Total population 15 years and over by marital status; Not married and not living with a common-law partner; Single (never legally married)","v_CA16_466","Total","Never married","Number","v_CA16_463","Additive","CA 2016 Census; 100% data; Census Families; Total - Marital status for the population aged 15 years and over - 100% data; Not married and not living common law; Never married","v_CA21_480","Total","Never married","Number","v_CA21_477","Additive","CA 2021 Census; 100% data; Marital status for the total population aged 15 years and over; Not married and not living common-law; Never married"
"9",9,"v_CA11F_101","Total","Separated","Number","v_CA11F_95","Additive","CA 2011 Census; Total population 15 years and over by marital status; Not married and not living with a common-law partner; Separated","v_CA16_469","Total","Separated","Number","v_CA16_463","Additive","CA 2016 Census; 100% data; Census Families; Total - Marital status for the population aged 15 years and over - 100% data; Not married and not living common law; Separated","v_CA21_483","Total","Separated","Number","v_CA21_477","Additive","CA 2021 Census; 100% data; Marital status for the total population aged 15 years and over; Not married and not living common-law; Separated"
"10",10,"v_CA11F_104","Total","Divorced","Number","v_CA11F_95","Additive","CA 2011 Census; Total population 15 years and over by marital status; Not married and not living with a common-law partner; Divorced","v_CA16_472","Total","Divorced","Number","v_CA16_463","Additive","CA 2016 Census; 100% data; Census Families; Total - Marital status for the population aged 15 years and over - 100% data; Not married and not living common law; Divorced","v_CA21_486","Total","Divorced","Number","v_CA21_477","Additive","CA 2021 Census; 100% data; Marital status for the total population aged 15 years and over; Not married and not living common-law; Divorced"
"11",11,"v_CA11F_107","Total","Widowed","Number","v_CA11F_95","Additive","CA 2011 Census; Total population 15 years and over by marital status; Not married and not living with a common-law partner; Widowed","v_CA16_475","Total","Widowed","Number","v_CA16_463","Additive","CA 2016 Census; 100% data; Census Families; Total - Marital status for the population aged 15 years and over - 100% data; Not married and not living common law; Widowed","v_CA21_489","Total","Widowed","Number","v_CA21_477","Additive","CA 2021 Census; 100% data; Marital status for the total population aged 15 years and over; Not married and not living common-law; Widowed"
"12",12,"v_CA11F_211","Total","2 persons","Number","v_CA11F_209","Additive","CA 2011 Census; Households; Total number of private households by household size; 2 persons","v_CA16_479","Total","2 persons","Number","v_CA16_478","Additive","CA 2016 Census; 100% data; Census Families; Family size; Total - Census families in private households by family size - 100% data; 2 persons","v_CA21_493","Total","2 persons","Number","v_CA21_492","Additive","CA 2021 Census; 100% data; Census families; Census families in private households by family size; 2 persons"
"13",13,"v_CA11F_212","Total","3 persons","Number","v_CA11F_209","Additive","CA 2011 Census; Households; Total number of private households by household size; 3 persons","v_CA16_480","Total","3 persons","Number","v_CA16_478","Additive","CA 2016 Census; 100% data; Census Families; Family size; Total - Census families in private households by family size - 100% data; 3 persons","v_CA21_494","Total","3 persons","Number","v_CA21_492","Additive","CA 2021 Census; 100% data; Census families; Census families in private households by family size; 3 persons"
"14",14,"v_CA11F_213","Total","4 persons","Number","v_CA11F_209","Additive","CA 2011 Census; Households; Total number of private households by household size; 4 persons","v_CA16_481","Total","4 persons","Number","v_CA16_478","Additive","CA 2016 Census; 100% data; Census Families; Family size; Total - Census families in private households by family size - 100% data; 4 persons","v_CA21_495","Total","4 persons","Number","v_CA21_492","Additive","CA 2021 Census; 100% data; Census families; Census families in private households by family size; 4 persons"
"15",15,"v_CA11F_214","Total","5 persons","Number","v_CA11F_209","Additive","CA 2011 Census; Households; Total number of private households by household size; 5 persons","v_CA16_482","Total","5 or more persons","Number","v_CA16_478","Additive","CA 2016 Census; 100% data; Census Families; Family size; Total - Census families in private households by family size - 100% data; 5 or more persons","v_CA21_496","Total","5 or more persons","Number","v_CA21_492","Additive","CA 2021 Census; 100% data; Census families; Census families in private households by family size; 5 or more persons"
"16",16,"v_CA11F_215","Total","6 or more persons","Number","v_CA11F_209","Additive","CA 2011 Census; Households; Total number of private households by household size; 6 or more persons","v_CA16_483","Total","Average size of census families","Ratio",NA,"Average of v_CA16_478","CA 2016 Census; 100% data; Census Families; Family size; Average size of census families","v_CA21_497","Total","Average size of census families","Number",NA,"Additive","CA 2021 Census; 100% data; Census families; Average size of census families"
"17",17,"v_CA11F_163","Total","Average number of persons per census family","Ratio",NA,"Average of v_CA11F_115","CA 2011 Census; Families; Average number of persons per census family","v_CA16_2207","Total","Median total income in 2015 among recipients ($)","Currency","v_CA16_2204","Median of v_CA16_2204","CA 2016 Census; 100% data; Income; Individuals; Total - Income statistics in 2015 for the population aged 15 years and over in private households - 100% data; Number of total income recipients aged 15 years and over in private households - 100% data; Median total income in 2015 among recipients ($)","v_CA21_560","Total","Median total income in 2020 among recipients ($)","Currency","v_CA21_557","Median of v_CA21_557","CA 2021 Census; 100% data; Income; Income statistics in 2020 for the population aged 15 years and over in private households; Number of total income recipients aged 15 years and over in private households in 2020; Median total income in 2020 among recipients ($)"
"18",18,"v_CA11N_2449","Total","Median employment income in 2010 $","Currency","v_CA11N_2446","Median of v_CA11N_2446","CA 2011 NHS; Income; Individuals; Population aged 15 years and over who worked full year, full time and with employment income in 2010; Median employment income in 2010 $","v_CA16_2208","Male","Median total income in 2015 among recipients ($)","Currency","v_CA16_2205","Median of v_CA16_2205","CA 2016 Census; 100% data; Income; Individuals; Total - Income statistics in 2015 for the population aged 15 years and over in private households - 100% data; Number of total income recipients aged 15 years and over in private households - 100% data; Median total income in 2015 among recipients ($)","v_CA21_561","Male","Median total income in 2020 among recipients ($)","Currency","v_CA21_558","Median of v_CA21_558","CA 2021 Census; 100% data; Income; Income statistics in 2020 for the population aged 15 years and over in private households; Number of total income recipients aged 15 years and over in private households in 2020; Median total income in 2020 among recipients ($)"
"19",19,"v_CA11N_2450","Male","Median employment income in 2010 $","Currency","v_CA11N_2447","Median of v_CA11N_2447","CA 2011 NHS; Income; Individuals; Population aged 15 years and over who worked full year, full time and with employment income in 2010; Median employment income in 2010 $","v_CA16_2209","Female","Median total income in 2015 among recipients ($)","Currency","v_CA16_2206","Median of v_CA16_2206","CA 2016 Census; 100% data; Income; Individuals; Total - Income statistics in 2015 for the population aged 15 years and over in private households - 100% data; Number of total income recipients aged 15 years and over in private households - 100% data; Median total income in 2015 among recipients ($)","v_CA21_562","Female","Median total income in 2020 among recipients ($)","Currency","v_CA21_559","Median of v_CA21_559","CA 2021 Census; 100% data; Income; Income statistics in 2020 for the population aged 15 years and over in private households; Number of total income recipients aged 15 years and over in private households in 2020; Median total income in 2020 among recipients ($)"
"20",20,"v_CA11N_2451","Female","Median employment income in 2010 $","Currency","v_CA11N_2448","Median of v_CA11N_2448","CA 2011 NHS; Income; Individuals; Population aged 15 years and over who worked full year, full time and with employment income in 2010; Median employment income in 2010 $","v_CA16_2309","Total","Under $10,000 (including loss)","Number","v_CA16_2303","Additive","CA 2016 Census; 100% data; Income; Individuals; Total - After-tax income groups in 2015 for the population aged 15 years and over in private households - 100% data; With after-tax income; Under $10,000 (including loss)","v_CA21_722","Total","Under $10,000 (including loss)","Number","v_CA21_719","Additive","CA 2021 Census; 100% data; Income; After-tax income groups in 2020 for the population aged 15 years and over in private households; With after-tax income; Under $10,000 (including loss)"
"21",21,"v_CA11N_2356","Total","Under $5,000","Number","v_CA11N_2353","Additive","CA 2011 NHS; Income; Individuals; After Tax Income; After-tax income in 2010 of population 15 years and over; With after-tax income; Under $5,000","v_CA16_2312","Total","$10,000 to $19,999","Number","v_CA16_2303","Additive","CA 2016 Census; 100% data; Income; Individuals; Total - After-tax income groups in 2015 for the population aged 15 years and over in private households - 100% data; With after-tax income; $10,000 to $19,999","v_CA21_725","Total","$10,000 to $19,999","Number","v_CA21_719","Additive","CA 2021 Census; 100% data; Income; After-tax income groups in 2020 for the population aged 15 years and over in private households; With after-tax income; $10,000 to $19,999"
"22",22,"v_CA11N_2359","Total","$5,000 to $9,999","Number","v_CA11N_2353","Additive","CA 2011 NHS; Income; Individuals; After Tax Income; After-tax income in 2010 of population 15 years and over; With after-tax income; $5,000 to $9,999","v_CA16_2315","Total","$20,000 to $29,999","Number","v_CA16_2303","Additive","CA 2016 Census; 100% data; Income; Individuals; Total - After-tax income groups in 2015 for the population aged 15 years and over in private households - 100% data; With after-tax income; $20,000 to $29,999","v_CA21_728","Total","$20,000 to $29,999","Number","v_CA21_719","Additive","CA 2021 Census; 100% data; Income; After-tax income groups in 2020 for the population aged 15 years and over in private households; With after-tax income; $20,000 to $29,999"
"23",23,"v_CA11N_2362","Total","$10,000 to $14,999","Number","v_CA11N_2353","Additive","CA 2011 NHS; Income; Individuals; After Tax Income; After-tax income in 2010 of population 15 years and over; With after-tax income; $10,000 to $14,999","v_CA16_2318","Total","$30,000 to $39,999","Number","v_CA16_2303","Additive","CA 2016 Census; 100% data; Income; Individuals; Total - After-tax income groups in 2015 for the population aged 15 years and over in private households - 100% data; With after-tax income; $30,000 to $39,999","v_CA21_731","Total","$30,000 to $39,999","Number","v_CA21_719","Additive","CA 2021 Census; 100% data; Income; After-tax income groups in 2020 for the population aged 15 years and over in private households; With after-tax income; $30,000 to $39,999"
"24",24,"v_CA11N_2365","Total","$15,000 to $19,999","Number","v_CA11N_2353","Additive","CA 2011 NHS; Income; Individuals; After Tax Income; After-tax income in 2010 of population 15 years and over; With after-tax income; $15,000 to $19,999","v_CA16_2321","Total","$40,000 to $49,999","Number","v_CA16_2303","Additive","CA 2016 Census; 100% data; Income; Individuals; Total - After-tax income groups in 2015 for the population aged 15 years and over in private households - 100% data; With after-tax income; $40,000 to $49,999","v_CA21_734","Total","$40,000 to $49,999","Number","v_CA21_719","Additive","CA 2021 Census; 100% data; Income; After-tax income groups in 2020 for the population aged 15 years and over in private households; With after-tax income; $40,000 to $49,999"
"25",25,"v_CA11N_2368","Total","$20,000 to $29,999","Number","v_CA11N_2353","Additive","CA 2011 NHS; Income; Individuals; After Tax Income; After-tax income in 2010 of population 15 years and over; With after-tax income; $20,000 to $29,999","v_CA16_2324","Total","$50,000 to $59,999","Number","v_CA16_2303","Additive","CA 2016 Census; 100% data; Income; Individuals; Total - After-tax income groups in 2015 for the population aged 15 years and over in private households - 100% data; With after-tax income; $50,000 to $59,999","v_CA21_737","Total","$50,000 to $59,999","Number","v_CA21_719","Additive","CA 2021 Census; 100% data; Income; After-tax income groups in 2020 for the population aged 15 years and over in private households; With after-tax income; $50,000 to $59,999"
"26",26,"v_CA11N_2371","Total","$30,000 to $39,999","Number","v_CA11N_2353","Additive","CA 2011 NHS; Income; Individuals; After Tax Income; After-tax income in 2010 of population 15 years and over; With after-tax income; $30,000 to $39,999","v_CA16_2327","Total","$60,000 to $69,999","Number","v_CA16_2303","Additive","CA 2016 Census; 100% data; Income; Individuals; Total - After-tax income groups in 2015 for the population aged 15 years and over in private households - 100% data; With after-tax income; $60,000 to $69,999","v_CA21_740","Total","$60,000 to $69,999","Number","v_CA21_719","Additive","CA 2021 Census; 100% data; Income; After-tax income groups in 2020 for the population aged 15 years and over in private households; With after-tax income; $60,000 to $69,999"
"27",27,"v_CA11N_2374","Total","$40,000 to $49,999","Number","v_CA11N_2353","Additive","CA 2011 NHS; Income; Individuals; After Tax Income; After-tax income in 2010 of population 15 years and over; With after-tax income; $40,000 to $49,999","v_CA16_2330","Total","$70,000 to $79,999","Number","v_CA16_2303","Additive","CA 2016 Census; 100% data; Income; Individuals; Total - After-tax income groups in 2015 for the population aged 15 years and over in private households - 100% data; With after-tax income; $70,000 to $79,999","v_CA21_743","Total","$70,000 to $79,999","Number","v_CA21_719","Additive","CA 2021 Census; 100% data; Income; After-tax income groups in 2020 for the population aged 15 years and over in private households; With after-tax income; $70,000 to $79,999"
"28",28,"v_CA11N_2377","Total","$50,000 to $59,999","Number","v_CA11N_2353","Additive","CA 2011 NHS; Income; Individuals; After Tax Income; After-tax income in 2010 of population 15 years and over; With after-tax income; $50,000 to $59,999","v_CA16_2333","Total","$80,000 and over","Number","v_CA16_2303","Additive","CA 2016 Census; 100% data; Income; Individuals; Total - After-tax income groups in 2015 for the population aged 15 years and over in private households - 100% data; With after-tax income; $80,000 and over","v_CA21_746","Total","$80,000 to $89,999","Number","v_CA21_719","Additive","CA 2021 Census; 100% data; Income; After-tax income groups in 2020 for the population aged 15 years and over in private households; With after-tax income; $80,000 to $89,999"
"29",29,"v_CA11N_2380","Total","$60,000 to $79,999","Number","v_CA11N_2353","Additive","CA 2011 NHS; Income; Individuals; After Tax Income; After-tax income in 2010 of population 15 years and over; With after-tax income; $60,000 to $79,999","v_CA16_2336","Total","$80,000 to $89,999","Number","v_CA16_2303","Additive","CA 2016 Census; 100% data; Income; Individuals; Total - After-tax income groups in 2015 for the population aged 15 years and over in private households - 100% data; With after-tax income; $80,000 to $89,999","v_CA21_749","Total","$90,000 to $99,999","Number","v_CA21_719","Additive","CA 2021 Census; 100% data; Income; After-tax income groups in 2020 for the population aged 15 years and over in private households; With after-tax income; $90,000 to $99,999"
"30",30,"v_CA11N_2383","Total","$80,000 to $99,999","Number","v_CA11N_2353","Additive","CA 2011 NHS; Income; Individuals; After Tax Income; After-tax income in 2010 of population 15 years and over; With after-tax income; $80,000 to $99,999","v_CA16_2339","Total","$90,000 to $99,999","Number","v_CA16_2303","Additive","CA 2016 Census; 100% data; Income; Individuals; Total - After-tax income groups in 2015 for the population aged 15 years and over in private households - 100% data; With after-tax income; $90,000 to $99,999","v_CA21_752","Total","$100,000 and over","Number","v_CA21_719","Additive","CA 2021 Census; 100% data; Income; After-tax income groups in 2020 for the population aged 15 years and over in private households; With after-tax income; $100,000 and over"
"31",31,"v_CA11N_2386","Total","$100,000 and over","Number","v_CA11N_2353","Additive","CA 2011 NHS; Income; Individuals; After Tax Income; After-tax income in 2010 of population 15 years and over; With after-tax income; $100,000 and over","v_CA16_2342","Total","$100,000 and over","Number","v_CA16_2303","Additive","CA 2016 Census; 100% data; Income; Individuals; Total - After-tax income groups in 2015 for the population aged 15 years and over in private households - 100% data; With after-tax income; $100,000 and over","v_CA21_945","Total","Under $5,000","Number","v_CA21_944","Additive","CA 2021 Census; 100% data; Income; Household income; Household after-tax income groups in 2020 for private households; Under $5,000"
"32",32,"v_CA11N_2548","Total","Under $5,000","Number","v_CA11N_2547","Additive","CA 2011 NHS; Income; Households; After-tax income of households in 2010 of private households; Under $5,000","v_CA16_2427","Total","Under $5,000","Number","v_CA16_2426","Additive","CA 2016 Census; 100% data; Income; Households; Total - Household after-tax income groups in 2015 for private households - 100% data; Under $5,000","v_CA21_946","Total","$5,000 to $9,999","Number","v_CA21_944","Additive","CA 2021 Census; 100% data; Income; Household income; Household after-tax income groups in 2020 for private households; $5,000 to $9,999"
"33",33,"v_CA11N_2549","Total","$5,000 to $9,999","Number","v_CA11N_2547","Additive","CA 2011 NHS; Income; Households; After-tax income of households in 2010 of private households; $5,000 to $9,999","v_CA16_2428","Total","$5,000 to $9,999","Number","v_CA16_2426","Additive","CA 2016 Census; 100% data; Income; Households; Total - Household after-tax income groups in 2015 for private households - 100% data; $5,000 to $9,999","v_CA21_947","Total","$10,000 to $14,999","Number","v_CA21_944","Additive","CA 2021 Census; 100% data; Income; Household income; Household after-tax income groups in 2020 for private households; $10,000 to $14,999"
"34",34,"v_CA11N_2550","Total","$10,000 to $14,999","Number","v_CA11N_2547","Additive","CA 2011 NHS; Income; Households; After-tax income of households in 2010 of private households; $10,000 to $14,999","v_CA16_2429","Total","$10,000 to $14,999","Number","v_CA16_2426","Additive","CA 2016 Census; 100% data; Income; Households; Total - Household after-tax income groups in 2015 for private households - 100% data; $10,000 to $14,999","v_CA21_948","Total","$15,000 to $19,999","Number","v_CA21_944","Additive","CA 2021 Census; 100% data; Income; Household income; Household after-tax income groups in 2020 for private households; $15,000 to $19,999"
"35",35,"v_CA11N_2551","Total","$15,000 to $19,999","Number","v_CA11N_2547","Additive","CA 2011 NHS; Income; Households; After-tax income of households in 2010 of private households; $15,000 to $19,999","v_CA16_2430","Total","$15,000 to $19,999","Number","v_CA16_2426","Additive","CA 2016 Census; 100% data; Income; Households; Total - Household after-tax income groups in 2015 for private households - 100% data; $15,000 to $19,999","v_CA21_949","Total","$20,000 to $24,999","Number","v_CA21_944","Additive","CA 2021 Census; 100% data; Income; Household income; Household after-tax income groups in 2020 for private households; $20,000 to $24,999"
"36",36,"v_CA11N_2552","Total","$20,000 to $29,999","Number","v_CA11N_2547","Additive","CA 2011 NHS; Income; Households; After-tax income of households in 2010 of private households; $20,000 to $29,999","v_CA16_2431","Total","$20,000 to $24,999","Number","v_CA16_2426","Additive","CA 2016 Census; 100% data; Income; Households; Total - Household after-tax income groups in 2015 for private households - 100% data; $20,000 to $24,999","v_CA21_950","Total","$25,000 to $29,999","Number","v_CA21_944","Additive","CA 2021 Census; 100% data; Income; Household income; Household after-tax income groups in 2020 for private households; $25,000 to $29,999"
"37",37,"v_CA11N_2553","Total","$30,000 to $39,999","Number","v_CA11N_2547","Additive","CA 2011 NHS; Income; Households; After-tax income of households in 2010 of private households; $30,000 to $39,999","v_CA16_2432","Total","$25,000 to $29,999","Number","v_CA16_2426","Additive","CA 2016 Census; 100% data; Income; Households; Total - Household after-tax income groups in 2015 for private households - 100% data; $25,000 to $29,999","v_CA21_951","Total","$30,000 to $34,999","Number","v_CA21_944","Additive","CA 2021 Census; 100% data; Income; Household income; Household after-tax income groups in 2020 for private households; $30,000 to $34,999"
"38",38,"v_CA11N_2554","Total","$40,000 to $49,999","Number","v_CA11N_2547","Additive","CA 2011 NHS; Income; Households; After-tax income of households in 2010 of private households; $40,000 to $49,999","v_CA16_2433","Total","$30,000 to $34,999","Number","v_CA16_2426","Additive","CA 2016 Census; 100% data; Income; Households; Total - Household after-tax income groups in 2015 for private households - 100% data; $30,000 to $34,999","v_CA21_952","Total","$35,000 to $39,999","Number","v_CA21_944","Additive","CA 2021 Census; 100% data; Income; Household income; Household after-tax income groups in 2020 for private households; $35,000 to $39,999"
"39",39,"v_CA11N_2555","Total","$50,000 to $59,999","Number","v_CA11N_2547","Additive","CA 2011 NHS; Income; Households; After-tax income of households in 2010 of private households; $50,000 to $59,999","v_CA16_2434","Total","$35,000 to $39,999","Number","v_CA16_2426","Additive","CA 2016 Census; 100% data; Income; Households; Total - Household after-tax income groups in 2015 for private households - 100% data; $35,000 to $39,999","v_CA21_953","Total","$40,000 to $44,999","Number","v_CA21_944","Additive","CA 2021 Census; 100% data; Income; Household income; Household after-tax income groups in 2020 for private households; $40,000 to $44,999"
"40",40,"v_CA11N_2556","Total","$60,000 to $79,999","Number","v_CA11N_2547","Additive","CA 2011 NHS; Income; Households; After-tax income of households in 2010 of private households; $60,000 to $79,999","v_CA16_2435","Total","$40,000 to $44,999","Number","v_CA16_2426","Additive","CA 2016 Census; 100% data; Income; Households; Total - Household after-tax income groups in 2015 for private households - 100% data; $40,000 to $44,999","v_CA21_954","Total","$45,000 to $49,999","Number","v_CA21_944","Additive","CA 2021 Census; 100% data; Income; Household income; Household after-tax income groups in 2020 for private households; $45,000 to $49,999"
"41",41,"v_CA11N_2557","Total","$80,000 to $99,999","Number","v_CA11N_2547","Additive","CA 2011 NHS; Income; Households; After-tax income of households in 2010 of private households; $80,000 to $99,999","v_CA16_2436","Total","$45,000 to $49,999","Number","v_CA16_2426","Additive","CA 2016 Census; 100% data; Income; Households; Total - Household after-tax income groups in 2015 for private households - 100% data; $45,000 to $49,999","v_CA21_955","Total","$50,000 to $59,999","Number","v_CA21_944","Additive","CA 2021 Census; 100% data; Income; Household income; Household after-tax income groups in 2020 for private households; $50,000 to $59,999"
"42",42,"v_CA11N_2558","Total","$100,000 and over","Number","v_CA11N_2547","Additive","CA 2011 NHS; Income; Households; After-tax income of households in 2010 of private households; $100,000 and over","v_CA16_2437","Total","$50,000 to $59,999","Number","v_CA16_2426","Additive","CA 2016 Census; 100% data; Income; Households; Total - Household after-tax income groups in 2015 for private households - 100% data; $50,000 to $59,999","v_CA21_956","Total","$60,000 to $69,999","Number","v_CA21_944","Additive","CA 2021 Census; 100% data; Income; Household income; Household after-tax income groups in 2020 for private households; $60,000 to $69,999"
"43",43,"v_CA11N_2559","Total","$100,000 to $124,999","Number","v_CA11N_2558","Additive","CA 2011 NHS; Income; Households; After-tax income of households in 2010 of private households; $100,000 and over; $100,000 to $124,999","v_CA16_2438","Total","$60,000 to $69,999","Number","v_CA16_2426","Additive","CA 2016 Census; 100% data; Income; Households; Total - Household after-tax income groups in 2015 for private households - 100% data; $60,000 to $69,999","v_CA21_957","Total","$70,000 to $79,999","Number","v_CA21_944","Additive","CA 2021 Census; 100% data; Income; Household income; Household after-tax income groups in 2020 for private households; $70,000 to $79,999"
"44",44,"v_CA11N_2560","Total","$125,000 and over","Number","v_CA11N_2558","Additive","CA 2011 NHS; Income; Households; After-tax income of households in 2010 of private households; $100,000 and over; $125,000 and over","v_CA16_2439","Total","$70,000 to $79,999","Number","v_CA16_2426","Additive","CA 2016 Census; 100% data; Income; Households; Total - Household after-tax income groups in 2015 for private households - 100% data; $70,000 to $79,999","v_CA21_958","Total","$80,000 to $89,999","Number","v_CA21_944","Additive","CA 2021 Census; 100% data; Income; Household income; Household after-tax income groups in 2020 for private households; $80,000 to $89,999"
"45",45,"v_CA11N_2606","Total","Prevalence of low income in 2010 based on after-tax low-income measure %","Percentage (0-100)",NA,"Average of v_CA11N_2576","CA 2011 NHS; Income; Status; Prevalence of low income in 2010 based on after-tax low-income measure %","v_CA16_2440","Total","$80,000 to $89,999","Number","v_CA16_2426","Additive","CA 2016 Census; 100% data; Income; Households; Total - Household after-tax income groups in 2015 for private households - 100% data; $80,000 to $89,999","v_CA21_959","Total","$90,000 to $99,999","Number","v_CA21_944","Additive","CA 2021 Census; 100% data; Income; Household income; Household after-tax income groups in 2020 for private households; $90,000 to $99,999"
"46",46,"v_CA11N_19","Total","Non-immigrants","Number","v_CA11N_16","Additive","CA 2011 NHS; Citizenship and Immigration; Total population in private households by immigrant status and period of immigration; Non-immigrants","v_CA16_2441","Total","$90,000 to $99,999","Number","v_CA16_2426","Additive","CA 2016 Census; 100% data; Income; Households; Total - Household after-tax income groups in 2015 for private households - 100% data; $90,000 to $99,999","v_CA21_960","Total","$100,000 and over","Number","v_CA21_944","Additive","CA 2021 Census; 100% data; Income; Household income; Household after-tax income groups in 2020 for private households; $100,000 and over"
"47",47,"v_CA11N_22","Total","Immigrants","Number","v_CA11N_16","Additive","CA 2011 NHS; Citizenship and Immigration; Total population in private households by immigrant status and period of immigration; Immigrants","v_CA16_2442","Total","$100,000 and over","Number","v_CA16_2426","Additive","CA 2016 Census; 100% data; Income; Households; Total - Household after-tax income groups in 2015 for private households - 100% data; $100,000 and over","v_CA21_1040","Total","Prevalence of low income based on the Low-income measure, after tax (LIM-AT) (%)","Percentage (0-100)",NA,"Average of v_CA21_1010","CA 2021 Census; 100% data; Income; Low income status; LIM-AT; Prevalence of low income based on the Low-income measure, after tax (LIM-AT) (%)"
"48",48,"v_CA11N_46","Total","Non-permanent residents","Number","v_CA11N_16","Additive","CA 2011 NHS; Citizenship and Immigration; Total population in private households by immigrant status and period of immigration; Non-permanent residents","v_CA16_2540","Total","Prevalence of low income based on the Low-income measure, after tax (LIM-AT) (%)","Percentage (0-100)",NA,"Average of v_CA16_2510","CA 2016 Census; 100% data; Income; Low Income Measures; Prevalence of low income based on the Low-income measure, after tax (LIM-AT) (%)","v_CA21_1085","Total","Prevalence of low income based on the Low-income cut-offs, after tax (LICO-AT) (%)","Percentage (0-100)",NA,"Average of v_CA21_1055","CA 2021 Census; 100% data; Income; Low income status; LICO; Prevalence of low income based on the Low-income cut-offs, after tax (LICO-AT) (%)"
"49",49,"v_CA11N_505","Total","North American Aboriginal origins","Number","v_CA11N_502","Additive","CA 2011 NHS; Ethnic Origin; Total population in private households by ethnic origins; North American Aboriginal origins","v_CA16_2570","Total","Prevalence of low income based on the Low-income cut-offs, after tax (LICO-AT) (%)","Percentage (0-100)",NA,"Average of v_CA16_2510","CA 2016 Census; 100% data; Income; Low Income Measures; Prevalence of low income based on the Low-income cut-offs, after tax (LICO-AT) (%)","v_CA21_4306","Total","% of owner households with a mortgage","Number","v_CA21_4305","Additive","CA 2021 Census; 25% Data; Housing; Total - Owner households in non-farm, non-reserve private dwellings; % of owner households with a mortgage"
"50",50,"v_CA11N_517","Total","Other North American origins","Number","v_CA11N_502","Additive","CA 2011 NHS; Ethnic Origin; Total population in private households by ethnic origins; Other North American origins","v_CA16_3408","Total","Non-immigrants","Number","v_CA16_3405","Additive","CA 2016 Census; 25% Data; Citizenship and Immigration; Total - Immigrant status and period of immigration for the population in private households - 25% sample data; Non-immigrants","v_CA21_4307","Total","% of owner households spending 30% or more of its income on shelter costs","Number","v_CA21_4305","Additive","CA 2021 Census; 25% Data; Housing; Total - Owner households in non-farm, non-reserve private dwellings; % of owner households spending 30% or more of its income on shelter costs"
"51",51,"v_CA11N_547","Total","European origins","Number","v_CA11N_502","Additive","CA 2011 NHS; Ethnic Origin; Total population in private households by ethnic origins; European origins","v_CA16_3411","Total","Immigrants","Number","v_CA16_3405","Additive","CA 2016 Census; 25% Data; Citizenship and Immigration; Total - Immigrant status and period of immigration for the population in private households - 25% sample data; Immigrants","v_CA21_4309","Total","Median monthly shelter costs for owned dwellings ($)","Number","v_CA21_4305","Additive","CA 2021 Census; 25% Data; Housing; Total - Owner households in non-farm, non-reserve private dwellings; Median monthly shelter costs for owned dwellings ($)"
"52",52,"v_CA11N_760","Total","Caribbean origins","Number","v_CA11N_502","Additive","CA 2011 NHS; Ethnic Origin; Total population in private households by ethnic origins; Caribbean origins","v_CA16_3435","Total","Non-permanent residents","Number","v_CA16_3405","Additive","CA 2016 Census; 25% Data; Citizenship and Immigration; Total - Immigrant status and period of immigration for the population in private households - 25% sample data; Non-permanent residents","v_CA21_4310","Total","Average monthly shelter costs for owned dwellings ($)","Number","v_CA21_4305","Additive","CA 2021 Census; 25% Data; Housing; Total - Owner households in non-farm, non-reserve private dwellings; Average monthly shelter costs for owned dwellings ($)"
"53",53,"v_CA11N_820","Total","Latin, Central and South American origins","Number","v_CA11N_502","Additive","CA 2011 NHS; Ethnic Origin; Total population in private households by ethnic origins; Latin, Central and South American origins","v_CA16_4002","Total","North American Aboriginal origins","Number","v_CA16_3999","Additive","CA 2016 Census; 25% Data; Minority / Origin; Total - Ethnic origin for the population in private households - 25% sample data; North American Aboriginal origins","v_CA21_4311","Total","Median value of dwellings ($)","Number","v_CA21_4305","Median of v_CA21_4305","CA 2021 Census; 25% Data; Housing; Total - Owner households in non-farm, non-reserve private dwellings; Median value of dwellings ($)"
"54",54,"v_CA11N_1084","Total","West Central Asian and Middle Eastern origins","Number","v_CA11N_1081","Additive","CA 2011 NHS; Ethnic Origin; Total population in private households by ethnic origins; Asian origins; West Central Asian and Middle Eastern origins","v_CA16_4014","Total","Other North American origins","Number","v_CA16_3999","Additive","CA 2016 Census; 25% Data; Minority / Origin; Total - Ethnic origin for the population in private households - 25% sample data; Other North American origins","v_CA21_4312","Total","Average value of dwellings ($)","Number","v_CA21_4305","Average of v_CA21_4305","CA 2021 Census; 25% Data; Housing; Total - Owner households in non-farm, non-reserve private dwellings; Average value of dwellings ($)"
"55",55,"v_CA11N_1162","Total","South Asian origins","Number","v_CA11N_1081","Additive","CA 2011 NHS; Ethnic Origin; Total population in private households by ethnic origins; Asian origins; South Asian origins","v_CA16_4044","Total","European origins","Number","v_CA16_3999","Additive","CA 2016 Census; 25% Data; Minority / Origin; Total - Ethnic origin for the population in private households - 25% sample data; European origins","v_CA21_4313","Total","Total - Tenant households in non-farm, non-reserve private dwellings","Number",NA,"Additive","CA 2021 Census; 25% Data; Housing; Total - Tenant households in non-farm, non-reserve private dwellings"
"56",56,"v_CA11N_1204","Total","East and Southeast Asian origins","Number","v_CA11N_1081","Additive","CA 2011 NHS; Ethnic Origin; Total population in private households by ethnic origins; Asian origins; East and Southeast Asian origins","v_CA16_4266","Total","Caribbean origins","Number","v_CA16_3999","Additive","CA 2016 Census; 25% Data; Minority / Origin; Total - Ethnic origin for the population in private households - 25% sample data; Caribbean origins","v_CA21_4314","Total","% of tenant households in subsidized housing","Number","v_CA21_4313","Additive","CA 2021 Census; 25% Data; Housing; Total - Tenant households in non-farm, non-reserve private dwellings; % of tenant households in subsidized housing"
"57",57,"v_CA11N_1258","Total","Other Asian origins","Number","v_CA11N_1081","Additive","CA 2011 NHS; Ethnic Origin; Total population in private households by ethnic origins; Asian origins; Other Asian origins","v_CA16_4329","Total","Latin, Central and South American origins","Number","v_CA16_3999","Additive","CA 2016 Census; 25% Data; Minority / Origin; Total - Ethnic origin for the population in private households - 25% sample data; Latin, Central and South American origins","v_CA21_4315","Total","% of tenant households spending 30% or more of its income on shelter costs","Number","v_CA21_4313","Additive","CA 2021 Census; 25% Data; Housing; Total - Tenant households in non-farm, non-reserve private dwellings; % of tenant households spending 30% or more of its income on shelter costs"
"58",58,"v_CA11N_1264","Total","Oceania origins","Number","v_CA11N_502","Additive","CA 2011 NHS; Ethnic Origin; Total population in private households by ethnic origins; Oceania origins","v_CA16_4611","Total","West Central Asian and Middle Eastern origins","Number","v_CA16_4608","Additive","CA 2016 Census; 25% Data; Minority / Origin; Total - Ethnic origin for the population in private households - 25% sample data; Asian origins; West Central Asian and Middle Eastern origins","v_CA21_4317","Total","Median monthly shelter costs for rented dwellings ($)","Number","v_CA21_4313","Median of v_CA21_4313","CA 2021 Census; 25% Data; Housing; Total - Tenant households in non-farm, non-reserve private dwellings; Median monthly shelter costs for rented dwellings ($)"
"59",59,"v_CA11N_2282","Total","% of owner households with a mortgage","Percentage (0-100)","v_CA11N_2281","Average of v_CA11N_2281","CA 2011 NHS; Housing; Shelter Cost; Number of owner households in non-farm, non-reserve private dwellings; % of owner households with a mortgage","v_CA16_4698","Total","South Asian origins","Number","v_CA16_4608","Additive","CA 2016 Census; 25% Data; Minority / Origin; Total - Ethnic origin for the population in private households - 25% sample data; Asian origins; South Asian origins","v_CA21_4318","Total","Average monthly shelter costs for rented dwellings ($)","Number","v_CA21_4313","Average of v_CA21_4313","CA 2021 Census; 25% Data; Housing; Total - Tenant households in non-farm, non-reserve private dwellings; Average monthly shelter costs for rented dwellings ($)"
"60",60,"v_CA11N_2283","Total","% of owner households spending 30% or more of household total income on shelter costs","Percentage (0-100)","v_CA11N_2281","Average of v_CA11N_2281","CA 2011 NHS; Housing; Shelter Cost; Number of owner households in non-farm, non-reserve private dwellings; % of owner households spending 30% or more of household total income on shelter costs","v_CA16_4743","Total","East and Southeast Asian origins","Number","v_CA16_4608","Additive","CA 2016 Census; 25% Data; Minority / Origin; Total - Ethnic origin for the population in private households - 25% sample data; Asian origins; East and Southeast Asian origins","v_CA21_4407","Total","Non-immigrants","Number","v_CA21_4404","Additive","CA 2021 Census; 25% Data; Citizenship and immigration; Total - Immigrant status and period of immigration for the population in private households; Non-immigrants"
"61",61,"v_CA11N_2284","Total","Median monthly shelter costs for owned dwellings ($)","Currency","v_CA11N_2281","Median of v_CA11N_2281","CA 2011 NHS; Housing; Shelter Cost; Number of owner households in non-farm, non-reserve private dwellings; Median monthly shelter costs for owned dwellings ($)","v_CA16_4800","Total","Other Asian origins","Number","v_CA16_4608","Additive","CA 2016 Census; 25% Data; Minority / Origin; Total - Ethnic origin for the population in private households - 25% sample data; Asian origins; Other Asian origins","v_CA21_4410","Total","Immigrants","Number","v_CA21_4404","Additive","CA 2021 Census; 25% Data; Citizenship and immigration; Total - Immigrant status and period of immigration for the population in private households; Immigrants"
"62",62,"v_CA11N_2285","Total","Average monthly shelter costs for owned dwellings ($)","Currency","v_CA11N_2281","Average of v_CA11N_2281","CA 2011 NHS; Housing; Shelter Cost; Number of owner households in non-farm, non-reserve private dwellings; Average monthly shelter costs for owned dwellings ($)","v_CA16_4806","Total","Oceania origins","Number","v_CA16_3999","Additive","CA 2016 Census; 25% Data; Minority / Origin; Total - Ethnic origin for the population in private households - 25% sample data; Oceania origins","v_CA21_4434","Total","Non-permanent residents","Number","v_CA21_4404","Additive","CA 2021 Census; 25% Data; Citizenship and immigration; Total - Immigrant status and period of immigration for the population in private households; Non-permanent residents"
"63",63,"v_CA11N_2286","Total","Median value of dwellings ($)","Currency","v_CA11N_2281","Median of v_CA11N_2281","CA 2011 NHS; Housing; Shelter Cost; Number of owner households in non-farm, non-reserve private dwellings; Median value of dwellings ($)","v_CA16_4891","Total","% of owner households with a mortgage","Percentage (0-100)","v_CA16_4890","Average of v_CA16_4890","CA 2016 Census; 25% Data; Housing; Shelter Cost; Total - Owner households in non-farm, non-reserve private dwellings - 25% sample data; % of owner households with a mortgage","v_CA21_4809","Total","Oceania and other","Number","v_CA21_4635","Additive","CA 2021 Census; 25% Data; Citizenship and immigration; Total - Place of birth for the recent immigrant population in private households; Oceania and other"
"64",64,"v_CA11N_2287","Total","Average value of dwellings ($)","Currency","v_CA11N_2281","Average of v_CA11N_2281","CA 2011 NHS; Housing; Shelter Cost; Number of owner households in non-farm, non-reserve private dwellings; Average value of dwellings ($)","v_CA16_4892","Total","% of owner households spending 30% or more of its income on shelter costs","Percentage (0-100)","v_CA16_4890","Average of v_CA16_4890","CA 2016 Census; 25% Data; Housing; Shelter Cost; Total - Owner households in non-farm, non-reserve private dwellings - 25% sample data; % of owner households spending 30% or more of its income on shelter costs","v_CA21_4971","Total","First Nations (North American Indian), n.o.s.","Number","v_CA21_4917","Additive","CA 2021 Census; 25% Data; Visible minority and ethnic origin; Total - Ethnic or cultural origin for the population in private households; First Nations (North American Indian), n.o.s."
"65",65,"v_CA11N_2288","Total","Number of tenant households in non-farm, non-reserve private dwellings","Number",NA,"Additive","CA 2011 NHS; Housing; Shelter Cost; Number of tenant households in non-farm, non-reserve private dwellings","v_CA16_4893","Total","Median monthly shelter costs for owned dwellings ($)","Currency","v_CA16_4890","Median of v_CA16_4890","CA 2016 Census; 25% Data; Housing; Shelter Cost; Total - Owner households in non-farm, non-reserve private dwellings - 25% sample data; Median monthly shelter costs for owned dwellings ($)","v_CA21_4974","Total","Métis","Number","v_CA21_4917","Additive","CA 2021 Census; 25% Data; Visible minority and ethnic origin; Total - Ethnic or cultural origin for the population in private households; Métis"
"66",66,"v_CA11N_2289","Total","% of tenant households in subsidized housing","Percentage (0-100)","v_CA11N_2288","Average of v_CA11N_2288","CA 2011 NHS; Housing; Shelter Cost; Number of tenant households in non-farm, non-reserve private dwellings; % of tenant households in subsidized housing","v_CA16_4894","Total","Average monthly shelter costs for owned dwellings ($)","Currency","v_CA16_4890","Average of v_CA16_4890","CA 2016 Census; 25% Data; Housing; Shelter Cost; Total - Owner households in non-farm, non-reserve private dwellings - 25% sample data; Average monthly shelter costs for owned dwellings ($)","v_CA21_4977","Total","European, n.o.s.","Number","v_CA21_4917","Additive","CA 2021 Census; 25% Data; Visible minority and ethnic origin; Total - Ethnic or cultural origin for the population in private households; European, n.o.s."
"67",67,"v_CA11N_2290","Total","% of tenant households spending 30% or more of household total income on shelter costs","Percentage (0-100)","v_CA11N_2288","Average of v_CA11N_2288","CA 2011 NHS; Housing; Shelter Cost; Number of tenant households in non-farm, non-reserve private dwellings; % of tenant households spending 30% or more of household total income on shelter costs","v_CA16_4895","Total","Median value of dwellings ($)","Currency","v_CA16_4890","Median of v_CA16_4890","CA 2016 Census; 25% Data; Housing; Shelter Cost; Total - Owner households in non-farm, non-reserve private dwellings - 25% sample data; Median value of dwellings ($)","v_CA21_5094","Total","South Asian, n.o.s.","Number","v_CA21_4917","Additive","CA 2021 Census; 25% Data; Visible minority and ethnic origin; Total - Ethnic or cultural origin for the population in private households; South Asian, n.o.s."
"68",68,"v_CA11N_2291","Total","Median monthly shelter costs for rented dwellings ($)","Currency","v_CA11N_2288","Median of v_CA11N_2288","CA 2011 NHS; Housing; Shelter Cost; Number of tenant households in non-farm, non-reserve private dwellings; Median monthly shelter costs for rented dwellings ($)","v_CA16_4896","Total","Average value of dwellings ($)","Currency","v_CA16_4890","Average of v_CA16_4890","CA 2016 Census; 25% Data; Housing; Shelter Cost; Total - Owner households in non-farm, non-reserve private dwellings - 25% sample data; Average value of dwellings ($)","v_CA21_5109","Total","Latin, Central or South American, n.o.s.","Number","v_CA21_4917","Additive","CA 2021 Census; 25% Data; Visible minority and ethnic origin; Total - Ethnic or cultural origin for the population in private households; Latin, Central or South American, n.o.s."
"69",69,"v_CA11N_2292","Total","Average monthly shelter costs for rented dwellings ($)","Currency","v_CA11N_2288","Average of v_CA11N_2288","CA 2011 NHS; Housing; Shelter Cost; Number of tenant households in non-farm, non-reserve private dwellings; Average monthly shelter costs for rented dwellings ($)","v_CA16_4897","Total","Total - Tenant households in non-farm, non-reserve private dwellings - 25% sample data","Number",NA,"Additive","CA 2016 Census; 25% Data; Housing; Shelter Cost; Total - Tenant households in non-farm, non-reserve private dwellings - 25% sample data","v_CA21_5202","Total","East or Southeast Asian, n.o.s.","Number","v_CA21_4917","Additive","CA 2021 Census; 25% Data; Visible minority and ethnic origin; Total - Ethnic or cultural origin for the population in private households; East or Southeast Asian, n.o.s."
"70",70,"v_CA11N_1804","Total","No certificate, diploma or degree","Number","v_CA11N_1801","Additive","CA 2011 NHS; Education; Total population aged 25 to 64 years by highest certificate, diploma or degree; No certificate, diploma or degree","v_CA16_4898","Total","% of tenant households in subsidized housing","Percentage (0-100)","v_CA16_4897","Average of v_CA16_4897","CA 2016 Census; 25% Data; Housing; Shelter Cost; Total - Tenant households in non-farm, non-reserve private dwellings - 25% sample data; % of tenant households in subsidized housing","v_CA21_5205","Total","West or Central Asian or Middle Eastern, n.o.s.","Number","v_CA21_4917","Additive","CA 2021 Census; 25% Data; Visible minority and ethnic origin; Total - Ethnic or cultural origin for the population in private households; West or Central Asian or Middle Eastern, n.o.s."
"71",71,"v_CA11N_1807","Total","High school diploma or equivalent","Number","v_CA11N_1801","Additive","CA 2011 NHS; Education; Total population aged 25 to 64 years by highest certificate, diploma or degree; High school diploma or equivalent","v_CA16_4899","Total","% of tenant households spending 30% or more of its income on shelter costs","Percentage (0-100)","v_CA16_4897","Average of v_CA16_4897","CA 2016 Census; 25% Data; Housing; Shelter Cost; Total - Tenant households in non-farm, non-reserve private dwellings - 25% sample data; % of tenant households spending 30% or more of its income on shelter costs","v_CA21_5208","Total","Caribbean, n.o.s.","Number","v_CA21_4917","Additive","CA 2021 Census; 25% Data; Visible minority and ethnic origin; Total - Ethnic or cultural origin for the population in private households; Caribbean, n.o.s."
"72",72,"v_CA11N_1813","Total","Apprenticeship or trades certificate or diploma","Number","v_CA11N_1810","Additive","CA 2011 NHS; Education; Total population aged 25 to 64 years by highest certificate, diploma or degree; Postsecondary certificate, diploma or degree; Apprenticeship or trades certificate or diploma","v_CA16_4900","Total","Median monthly shelter costs for rented dwellings ($)","Currency","v_CA16_4897","Median of v_CA16_4897","CA 2016 Census; 25% Data; Housing; Shelter Cost; Total - Tenant households in non-farm, non-reserve private dwellings - 25% sample data; Median monthly shelter costs for rented dwellings ($)","v_CA21_5820","Total","No certificate, diploma or degree","Number","v_CA21_5817","Additive","CA 2021 Census; 25% Data; Education; Total - Highest certificate, diploma or degree for the population aged 15 years and over in private households; No certificate, diploma or degree"
"73",73,"v_CA11N_1816","Total","College, CEGEP or other non-university certificate or diploma","Number","v_CA11N_1810","Additive","CA 2011 NHS; Education; Total population aged 25 to 64 years by highest certificate, diploma or degree; Postsecondary certificate, diploma or degree; College, CEGEP or other non-university certificate or diploma","v_CA16_4901","Total","Average monthly shelter costs for rented dwellings ($)","Currency","v_CA16_4897","Average of v_CA16_4897","CA 2016 Census; 25% Data; Housing; Shelter Cost; Total - Tenant households in non-farm, non-reserve private dwellings - 25% sample data; Average monthly shelter costs for rented dwellings ($)","v_CA21_5832","Total","Apprenticeship or trades certificate or diploma","Number","v_CA21_5829","Additive","CA 2021 Census; 25% Data; Education; Total - Highest certificate, diploma or degree for the population aged 15 years and over in private households; Postsecondary certificate, diploma or degree; Postsecondary certificate or diploma below bachelor level; Apprenticeship or trades certificate or diploma"
"74",74,"v_CA11N_1819","Total","University certificate or diploma below bachelor level","Number","v_CA11N_1810","Additive","CA 2011 NHS; Education; Total population aged 25 to 64 years by highest certificate, diploma or degree; Postsecondary certificate, diploma or degree; University certificate or diploma below bachelor level","v_CA16_5099","Total","No certificate, diploma or degree","Number","v_CA16_5096","Additive","CA 2016 Census; 25% Data; Education; Certificate/Degree; Total - Highest certificate, diploma or degree for the population aged 25 to 64 years in private households - 25% sample data; No certificate, diploma or degree","v_CA21_5841","Total","College, CEGEP or other non-university certificate or diploma","Number","v_CA21_5829","Additive","CA 2021 Census; 25% Data; Education; Total - Highest certificate, diploma or degree for the population aged 15 years and over in private households; Postsecondary certificate, diploma or degree; Postsecondary certificate or diploma below bachelor level; College, CEGEP or other non-university certificate or diploma"
"75",75,"v_CA11N_1822","Total","University certificate, diploma or degree at bachelor level or above","Number","v_CA11N_1810","Additive","CA 2011 NHS; Education; Total population aged 25 to 64 years by highest certificate, diploma or degree; Postsecondary certificate, diploma or degree; University certificate, diploma or degree at bachelor level or above","v_CA16_5102","Total","Secondary (high) school diploma or equivalency certificate","Number","v_CA16_5096","Additive","CA 2016 Census; 25% Data; Education; Certificate/Degree; Total - Highest certificate, diploma or degree for the population aged 25 to 64 years in private households - 25% sample data; Secondary (high) school diploma or equivalency certificate","v_CA21_5844","Total","University certificate or diploma below bachelor level","Number","v_CA21_5829","Additive","CA 2021 Census; 25% Data; Education; Total - Highest certificate, diploma or degree for the population aged 15 years and over in private households; Postsecondary certificate, diploma or degree; Postsecondary certificate or diploma below bachelor level; University certificate or diploma below bachelor level"
"76",76,"v_CA11N_1993","Total","Employed","Number","v_CA11N_1990","Additive","CA 2011 NHS; Work; Labour force status; Total population aged 15 years and over by labour force status; In the labour force; Employed","v_CA16_5108","Total","Apprenticeship or trades certificate or diploma","Number","v_CA16_5105","Additive","CA 2016 Census; 25% Data; Education; Certificate/Degree; Total - Highest certificate, diploma or degree for the population aged 25 to 64 years in private households - 25% sample data; Postsecondary certificate, diploma or degree; Apprenticeship or trades certificate or diploma","v_CA21_5868","Total","No certificate, diploma or degree","Number","v_CA21_5865","Additive","CA 2021 Census; 25% Data; Education; Total - Highest certificate, diploma or degree for the population aged 25 to 64 years in private households; No certificate, diploma or degree"
"77",77,"v_CA11N_1996","Total","Unemployed","Number","v_CA11N_1990","Additive","CA 2011 NHS; Work; Labour force status; Total population aged 15 years and over by labour force status; In the labour force; Unemployed","v_CA16_5117","Total","College, CEGEP or other non-university certificate or diploma","Number","v_CA16_5105","Additive","CA 2016 Census; 25% Data; Education; Certificate/Degree; Total - Highest certificate, diploma or degree for the population aged 25 to 64 years in private households - 25% sample data; Postsecondary certificate, diploma or degree; College, CEGEP or other non-university certificate or diploma","v_CA21_5880","Total","Apprenticeship or trades certificate or diploma","Number","v_CA21_5877","Additive","CA 2021 Census; 25% Data; Education; Total - Highest certificate, diploma or degree for the population aged 25 to 64 years in private households; Postsecondary certificate, diploma or degree; Postsecondary certificate or diploma below bachelor level; Apprenticeship or trades certificate or diploma"
"78",78,"v_CA11N_1999","Total","Not in the labour force","Number","v_CA11N_1987","Additive","CA 2011 NHS; Work; Labour force status; Total population aged 15 years and over by labour force status; Not in the labour force","v_CA16_5120","Total","University certificate or diploma below bachelor level","Number","v_CA16_5105","Additive","CA 2016 Census; 25% Data; Education; Certificate/Degree; Total - Highest certificate, diploma or degree for the population aged 25 to 64 years in private households - 25% sample data; Postsecondary certificate, diploma or degree; University certificate or diploma below bachelor level","v_CA21_5889","Total","College, CEGEP or other non-university certificate or diploma","Number","v_CA21_5877","Additive","CA 2021 Census; 25% Data; Education; Total - Highest certificate, diploma or degree for the population aged 25 to 64 years in private households; Postsecondary certificate, diploma or degree; Postsecondary certificate or diploma below bachelor level; College, CEGEP or other non-university certificate or diploma"
"79",79,"v_CA11N_2035","Total","0 Management occupations","Number","v_CA11N_2032","Additive","CA 2011 NHS; Work; Total labour force population aged 15 years and over by occupation - National Occupational Classification (NOC) 2011; All occupations; 0 Management occupations","v_CA16_5123","Total","University certificate, diploma or degree at bachelor level or above","Number","v_CA16_5105","Additive","CA 2016 Census; 25% Data; Education; Certificate/Degree; Total - Highest certificate, diploma or degree for the population aged 25 to 64 years in private households - 25% sample data; Postsecondary certificate, diploma or degree; University certificate, diploma or degree at bachelor level or above","v_CA21_5892","Total","University certificate or diploma below bachelor level","Number","v_CA21_5877","Additive","CA 2021 Census; 25% Data; Education; Total - Highest certificate, diploma or degree for the population aged 25 to 64 years in private households; Postsecondary certificate, diploma or degree; Postsecondary certificate or diploma below bachelor level; University certificate or diploma below bachelor level"
"80",80,"v_CA11N_2041","Total","2 Natural and applied sciences and related occupations","Number","v_CA11N_2032","Additive","CA 2011 NHS; Work; Total labour force population aged 15 years and over by occupation - National Occupational Classification (NOC) 2011; All occupations; 2 Natural and applied sciences and related occupations","v_CA16_5603","Total","Employed","Number","v_CA16_5600","Additive","CA 2016 Census; 25% Data; Work; Labour Force Status; Total - Population aged 15 years and over by Labour force status - 25% sample data; In the labour force; Employed","v_CA21_6498","Total","Employed","Number","v_CA21_6495","Additive","CA 2021 Census; 25% Data; Work; Total - Population aged 15 years and over by labour force status; In the labour force; Employed"
"81",81,"v_CA11N_2044","Total","3 Health occupations","Number","v_CA11N_2032","Additive","CA 2011 NHS; Work; Total labour force population aged 15 years and over by occupation - National Occupational Classification (NOC) 2011; All occupations; 3 Health occupations","v_CA16_5606","Total","Unemployed","Number","v_CA16_5600","Additive","CA 2016 Census; 25% Data; Work; Labour Force Status; Total - Population aged 15 years and over by Labour force status - 25% sample data; In the labour force; Unemployed","v_CA21_6501","Total","Unemployed","Number","v_CA21_6495","Additive","CA 2021 Census; 25% Data; Work; Total - Population aged 15 years and over by labour force status; In the labour force; Unemployed"
"82",82,"v_CA11N_2047","Total","4 Occupations in education, law and social, community and government services","Number","v_CA11N_2032","Additive","CA 2011 NHS; Work; Total labour force population aged 15 years and over by occupation - National Occupational Classification (NOC) 2011; All occupations; 4 Occupations in education, law and social, community and government services","v_CA16_5609","Total","Not in the labour force","Number","v_CA16_5597","Additive","CA 2016 Census; 25% Data; Work; Labour Force Status; Total - Population aged 15 years and over by Labour force status - 25% sample data; Not in the labour force","v_CA21_6504","Total","Not in the labour force","Number","v_CA21_6492","Additive","CA 2021 Census; 25% Data; Work; Total - Population aged 15 years and over by labour force status; Not in the labour force"
"83",83,"v_CA11N_2050","Total","5 Occupations in art, culture, recreation and sport","Number","v_CA11N_2032","Additive","CA 2011 NHS; Work; Total labour force population aged 15 years and over by occupation - National Occupational Classification (NOC) 2011; All occupations; 5 Occupations in art, culture, recreation and sport","v_CA16_5663","Total","0 Management occupations","Number","v_CA16_5660","Additive","CA 2016 Census; 25% Data; Work; Total labour force population aged 15 years and over by occupation - National Occupational Classification (NOC) 2016 - 25% sample data; All occupations; 0 Management occupations","v_CA21_6570","Total","0 Legislative and senior management occupations","Number","v_CA21_6567","Additive","CA 2021 Census; 25% Data; Work; Total - Labour force aged 15 years and over by occupation - Broad category - National Occupational Classification (NOC) 2021; All occupations; 0 Legislative and senior management occupations"
"84",84,"v_CA11N_2053","Total","6 Sales and service occupations","Number","v_CA11N_2032","Additive","CA 2011 NHS; Work; Total labour force population aged 15 years and over by occupation - National Occupational Classification (NOC) 2011; All occupations; 6 Sales and service occupations","v_CA16_5669","Total","2 Natural and applied sciences and related occupations","Number","v_CA16_5660","Additive","CA 2016 Census; 25% Data; Work; Total labour force population aged 15 years and over by occupation - National Occupational Classification (NOC) 2016 - 25% sample data; All occupations; 2 Natural and applied sciences and related occupations","v_CA21_6576","Total","2 Natural and applied sciences and related occupations","Number","v_CA21_6567","Additive","CA 2021 Census; 25% Data; Work; Total - Labour force aged 15 years and over by occupation - Broad category - National Occupational Classification (NOC) 2021; All occupations; 2 Natural and applied sciences and related occupations"
"85",85,"v_CA11N_2056","Total","7 Trades, transport and equipment operators and related occupations","Number","v_CA11N_2032","Additive","CA 2011 NHS; Work; Total labour force population aged 15 years and over by occupation - National Occupational Classification (NOC) 2011; All occupations; 7 Trades, transport and equipment operators and related occupations","v_CA16_5672","Total","3 Health occupations","Number","v_CA16_5660","Additive","CA 2016 Census; 25% Data; Work; Total labour force population aged 15 years and over by occupation - National Occupational Classification (NOC) 2016 - 25% sample data; All occupations; 3 Health occupations","v_CA21_6579","Total","3 Health occupations","Number","v_CA21_6567","Additive","CA 2021 Census; 25% Data; Work; Total - Labour force aged 15 years and over by occupation - Broad category - National Occupational Classification (NOC) 2021; All occupations; 3 Health occupations"
"86",86,"v_CA11N_2059","Total","8 Natural resources, agriculture and related production occupations","Number","v_CA11N_2032","Additive","CA 2011 NHS; Work; Total labour force population aged 15 years and over by occupation - National Occupational Classification (NOC) 2011; All occupations; 8 Natural resources, agriculture and related production occupations","v_CA16_5675","Total","4 Occupations in education, law and social, community and government services","Number","v_CA16_5660","Additive","CA 2016 Census; 25% Data; Work; Total labour force population aged 15 years and over by occupation - National Occupational Classification (NOC) 2016 - 25% sample data; All occupations; 4 Occupations in education, law and social, community and government services","v_CA21_6582","Total","4 Occupations in education, law and social, community and government services","Number","v_CA21_6567","Additive","CA 2021 Census; 25% Data; Work; Total - Labour force aged 15 years and over by occupation - Broad category - National Occupational Classification (NOC) 2021; All occupations; 4 Occupations in education, law and social, community and government services"
"87",87,"v_CA11N_2062","Total","9 Occupations in manufacturing and utilities","Number","v_CA11N_2032","Additive","CA 2011 NHS; Work; Total labour force population aged 15 years and over by occupation - National Occupational Classification (NOC) 2011; All occupations; 9 Occupations in manufacturing and utilities","v_CA16_5678","Total","5 Occupations in art, culture, recreation and sport","Number","v_CA16_5660","Additive","CA 2016 Census; 25% Data; Work; Total labour force population aged 15 years and over by occupation - National Occupational Classification (NOC) 2016 - 25% sample data; All occupations; 5 Occupations in art, culture, recreation and sport","v_CA21_6585","Total","5 Occupations in art, culture, recreation and sport","Number","v_CA21_6567","Additive","CA 2021 Census; 25% Data; Work; Total - Labour force aged 15 years and over by occupation - Broad category - National Occupational Classification (NOC) 2021; All occupations; 5 Occupations in art, culture, recreation and sport"
"88",88,"v_CA11N_2194","Total","Car, truck or van - as a driver","Number","v_CA11N_2191","Additive","CA 2011 NHS; Commute; Total employed population aged 15 years and over with a usual place of work or no fixed workplace address by mode of transportation; Car, truck or van - as a driver","v_CA16_5681","Total","6 Sales and service occupations","Number","v_CA16_5660","Additive","CA 2016 Census; 25% Data; Work; Total labour force population aged 15 years and over by occupation - National Occupational Classification (NOC) 2016 - 25% sample data; All occupations; 6 Sales and service occupations","v_CA21_6588","Total","6 Sales and service occupations","Number","v_CA21_6567","Additive","CA 2021 Census; 25% Data; Work; Total - Labour force aged 15 years and over by occupation - Broad category - National Occupational Classification (NOC) 2021; All occupations; 6 Sales and service occupations"
"89",89,"v_CA11N_2197","Total","Car, truck or van - as a passenger","Number","v_CA11N_2191","Additive","CA 2011 NHS; Commute; Total employed population aged 15 years and over with a usual place of work or no fixed workplace address by mode of transportation; Car, truck or van - as a passenger","v_CA16_5684","Total","7 Trades, transport and equipment operators and related occupations","Number","v_CA16_5660","Additive","CA 2016 Census; 25% Data; Work; Total labour force population aged 15 years and over by occupation - National Occupational Classification (NOC) 2016 - 25% sample data; All occupations; 7 Trades, transport and equipment operators and related occupations","v_CA21_6591","Total","7 Trades, transport and equipment operators and related occupations","Number","v_CA21_6567","Additive","CA 2021 Census; 25% Data; Work; Total - Labour force aged 15 years and over by occupation - Broad category - National Occupational Classification (NOC) 2021; All occupations; 7 Trades, transport and equipment operators and related occupations"
"90",90,"v_CA11N_2200","Total","Public transit","Number","v_CA11N_2191","Additive","CA 2011 NHS; Commute; Total employed population aged 15 years and over with a usual place of work or no fixed workplace address by mode of transportation; Public transit","v_CA16_5687","Total","8 Natural resources, agriculture and related production occupations","Number","v_CA16_5660","Additive","CA 2016 Census; 25% Data; Work; Total labour force population aged 15 years and over by occupation - National Occupational Classification (NOC) 2016 - 25% sample data; All occupations; 8 Natural resources, agriculture and related production occupations","v_CA21_6594","Total","8 Natural resources, agriculture and related production occupations","Number","v_CA21_6567","Additive","CA 2021 Census; 25% Data; Work; Total - Labour force aged 15 years and over by occupation - Broad category - National Occupational Classification (NOC) 2021; All occupations; 8 Natural resources, agriculture and related production occupations"
"91",91,"v_CA11N_2203","Total","Walked","Number","v_CA11N_2191","Additive","CA 2011 NHS; Commute; Total employed population aged 15 years and over with a usual place of work or no fixed workplace address by mode of transportation; Walked","v_CA16_5690","Total","9 Occupations in manufacturing and utilities","Number","v_CA16_5660","Additive","CA 2016 Census; 25% Data; Work; Total labour force population aged 15 years and over by occupation - National Occupational Classification (NOC) 2016 - 25% sample data; All occupations; 9 Occupations in manufacturing and utilities","v_CA21_6597","Total","9 Occupations in manufacturing and utilities","Number","v_CA21_6567","Additive","CA 2021 Census; 25% Data; Work; Total - Labour force aged 15 years and over by occupation - Broad category - National Occupational Classification (NOC) 2021; All occupations; 9 Occupations in manufacturing and utilities"
"92",92,"v_CA11N_2206","Total","Bicycle","Number","v_CA11N_2191","Additive","CA 2011 NHS; Commute; Total employed population aged 15 years and over with a usual place of work or no fixed workplace address by mode of transportation; Bicycle","v_CA16_5795","Total","Car, truck, van - as a driver","Number","v_CA16_5792","Additive","CA 2016 Census; 25% Data; Commute; Total - Main mode of commuting for the employed labour force aged 15 years and over in private households with a usual place of work or no fixed workplace address - 25% sample data; Car, truck, van - as a driver","v_CA21_7638","Total","Car, truck or van - as a driver","Number","v_CA21_7635","Additive","CA 2021 Census; 25% Data; Commute; Total - Main mode of commuting for the employed labour force aged 15 years and over with a usual place of work or no fixed workplace address; Car, truck or van; Car, truck or van - as a driver"
"93",93,"v_CA11N_2209","Total","Other methods","Number","v_CA11N_2191","Additive","CA 2011 NHS; Commute; Total employed population aged 15 years and over with a usual place of work or no fixed workplace address by mode of transportation; Other methods","v_CA16_5798","Total","Car, truck, van - as a passenger","Number","v_CA16_5792","Additive","CA 2016 Census; 25% Data; Commute; Total - Main mode of commuting for the employed labour force aged 15 years and over in private households with a usual place of work or no fixed workplace address - 25% sample data; Car, truck, van - as a passenger","v_CA21_7641","Total","Car, truck or van - as a passenger","Number","v_CA21_7635","Additive","CA 2021 Census; 25% Data; Commute; Total - Main mode of commuting for the employed labour force aged 15 years and over with a usual place of work or no fixed workplace address; Car, truck or van; Car, truck or van - as a passenger"
"94",94,NA,NA,NA,NA,NA,NA,NA,"v_CA16_5801","Total","Public transit","Number","v_CA16_5792","Additive","CA 2016 Census; 25% Data; Commute; Total - Main mode of commuting for the employed labour force aged 15 years and over in private households with a usual place of work or no fixed workplace address - 25% sample data; Public transit","v_CA21_7644","Total","Public transit","Number","v_CA21_7632","Additive","CA 2021 Census; 25% Data; Commute; Total - Main mode of commuting for the employed labour force aged 15 years and over with a usual place of work or no fixed workplace address; Public transit"
"95",95,NA,NA,NA,NA,NA,NA,NA,"v_CA16_5804","Total","Walked","Number","v_CA16_5792","Additive","CA 2016 Census; 25% Data; Commute; Total - Main mode of commuting for the employed labour force aged 15 years and over in private households with a usual place of work or no fixed workplace address - 25% sample data; Walked","v_CA21_7647","Total","Walked","Number","v_CA21_7632","Additive","CA 2021 Census; 25% Data; Commute; Total - Main mode of commuting for the employed labour force aged 15 years and over with a usual place of work or no fixed workplace address; Walked"
"96",96,NA,NA,NA,NA,NA,NA,NA,"v_CA16_5807","Total","Bicycle","Number","v_CA16_5792","Additive","CA 2016 Census; 25% Data; Commute; Total - Main mode of commuting for the employed labour force aged 15 years and over in private households with a usual place of work or no fixed workplace address - 25% sample data; Bicycle","v_CA21_7650","Total","Bicycle","Number","v_CA21_7632","Additive","CA 2021 Census; 25% Data; Commute; Total - Main mode of commuting for the employed labour force aged 15 years and over with a usual place of work or no fixed workplace address; Bicycle"
"97",97,NA,NA,NA,NA,NA,NA,NA,"v_CA16_5810","Total","Other method","Number","v_CA16_5792","Additive","CA 2016 Census; 25% Data; Commute; Total - Main mode of commuting for the employed labour force aged 15 years and over in private households with a usual place of work or no fixed workplace address - 25% sample data; Other method","v_CA21_7653","Total","Other method","Number","v_CA21_7632","Additive","CA 2021 Census; 25% Data; Commute; Total - Main mode of commuting for the employed labour force aged 15 years and over with a usual place of work or no fixed workplace address; Other method"
"98",98,NA,NA,NA,NA,NA,NA,NA,"v_CA16_5816","Total","Less than 15 minutes","Number","v_CA16_5813","Additive","CA 2016 Census; 25% Data; Commute; Total - Commuting duration for the employed labour force aged 15 years and over in private households with a usual place of work or no fixed workplace address - 25% sample data; Less than 15 minutes","v_CA21_7659","Total","Less than 15 minutes","Number","v_CA21_7656","Additive","CA 2021 Census; 25% Data; Commute; Total - Commuting duration for the employed labour force aged 15 years and over with a usual place of work or no fixed workplace address; Less than 15 minutes"
"99",99,NA,NA,NA,NA,NA,NA,NA,"v_CA16_5819","Total","15 to 29 minutes","Number","v_CA16_5813","Additive","CA 2016 Census; 25% Data; Commute; Total - Commuting duration for the employed labour force aged 15 years and over in private households with a usual place of work or no fixed workplace address - 25% sample data; 15 to 29 minutes","v_CA21_7662","Total","15 to 29 minutes","Number","v_CA21_7656","Additive","CA 2021 Census; 25% Data; Commute; Total - Commuting duration for the employed labour force aged 15 years and over with a usual place of work or no fixed workplace address; 15 to 29 minutes"
"100",100,NA,NA,NA,NA,NA,NA,NA,"v_CA16_5822","Total","30 to 44 minutes","Number","v_CA16_5813","Additive","CA 2016 Census; 25% Data; Commute; Total - Commuting duration for the employed labour force aged 15 years and over in private households with a usual place of work or no fixed workplace address - 25% sample data; 30 to 44 minutes","v_CA21_7665","Total","30 to 44 minutes","Number","v_CA21_7656","Additive","CA 2021 Census; 25% Data; Commute; Total - Commuting duration for the employed labour force aged 15 years and over with a usual place of work or no fixed workplace address; 30 to 44 minutes"
"101",101,NA,NA,NA,NA,NA,NA,NA,"v_CA16_5825","Total","45 to 59 minutes","Number","v_CA16_5813","Additive","CA 2016 Census; 25% Data; Commute; Total - Commuting duration for the employed labour force aged 15 years and over in private households with a usual place of work or no fixed workplace address - 25% sample data; 45 to 59 minutes","v_CA21_7668","Total","45 to 59 minutes","Number","v_CA21_7656","Additive","CA 2021 Census; 25% Data; Commute; Total - Commuting duration for the employed labour force aged 15 years and over with a usual place of work or no fixed workplace address; 45 to 59 minutes"
"102",102,NA,NA,NA,NA,NA,NA,NA,"v_CA16_5828","Total","60 minutes and over","Number","v_CA16_5813","Additive","CA 2016 Census; 25% Data; Commute; Total - Commuting duration for the employed labour force aged 15 years and over in private households with a usual place of work or no fixed workplace address - 25% sample data; 60 minutes and over","v_CA21_7671","Total","60 minutes and over","Number","v_CA21_7656","Additive","CA 2021 Census; 25% Data; Commute; Total - Commuting duration for the employed labour force aged 15 years and over with a usual place of work or no fixed workplace address; 60 minutes and over"
