"GeoUID","Type","Region Name","Area (sq km)","Population","Dwellings","Households","CSD_UID","CD_UID","CT_UID","CMA_UID","v_CA21_14: 0 to 4 years, - Total","v_CA21_15: 0 to 4 years, - Male","v_CA21_16: 0 to 4 years, - Female","v_CA21_32: 5 to 9 years, - Total","v_CA21_33: 5 to 9 years, - Male","v_CA21_34: 5 to 9 years, - Female","v_CA21_50: 10 to 14 years, - Total","v_CA21_51: 10 to 14 years, - Male","v_CA21_52: 10 to 14 years, - Female","v_CA21_71: 15 to 19 years, - Total","v_CA21_72: 15 to 19 years, - Male","v_CA21_73: 15 to 19 years, - Female","v_CA21_89: 20 to 24 years, - Total","v_CA21_90: 20 to 24 years, - Male","v_CA21_91: 20 to 24 years, - Female","v_CA21_107: 25 to 29 years, - Total","v_CA21_108: 25 to 29 years, - Male","v_CA21_109: 25 to 29 years, - Female","v_CA21_125: 30 to 34 years, - Total","v_CA21_126: 30 to 34 years, - Male","v_CA21_127: 30 to 34 years, - Female","v_CA21_143: 35 to 39 years, - Total","v_CA21_144: 35 to 39 years, - Male","v_CA21_145: 35 to 39 years, - Female","v_CA21_161: 40 to 44 years, - Total","v_CA21_162: 40 to 44 years, - Male","v_CA21_163: 40 to 44 years, - Female","v_CA21_179: 45 to 49 years, - Total","v_CA21_180: 45 to 49 years, - Male","v_CA21_181: 45 to 49 years, - Female","v_CA21_197: 50 to 54 years, - Total","v_CA21_198: 50 to 54 years, - Male","v_CA21_199: 50 to 54 years, - Female","v_CA21_215: 55 to 59 years, - Total","v_CA21_216: 55 to 59 years, - Male","v_CA21_217: 55 to 59 years, - Female","v_CA21_233: 60 to 64 years, - Total","v_CA21_234: 60 to 64 years, - Male","v_CA21_235: 60 to 64 years, - Female","v_CA21_254: 65 to 69 years, - Total","v_CA21_255: 65 to 69 years, - Male","v_CA21_256: 65 to 69 years, - Female","v_CA21_272: 70 to 74 years, - Total","v_CA21_273: 70 to 74 years, - Male","v_CA21_274: 70 to 74 years, - Female","v_CA21_290: 75 to 79 years, - Total","v_CA21_291: 75 to 79 years, - Male","v_CA21_292: 75 to 79 years, - Female","v_CA21_308: 80 to 84 years, - Total","v_CA21_309: 80 to 84 years, - Male","v_CA21_310: 80 to 84 years, - Female","v_CA21_326: 85 years and over, - Total","v_CA21_327: 85 years and over, - Male","v_CA21_328: 85 years and over, - Female","v_CA21_434: Occupied private dwellings by structural type of dwelling data, - Total","v_CA21_435: Single-detached house, - Total","v_CA21_440: Apartment in a building that has five or more storeys, - Total","v_CA21_441: Other single-attached house, - Total","v_CA21_442: Movable dwelling, - Total","v_CA21_456: Married or living common-law, - Total","v_CA21_477: Not married and not living common-law, - Total","v_CA21_480: Never married, - Total","v_CA21_483: Separated, - Total","v_CA21_486: Divorced, - Total","v_CA21_489: Widowed, - Total","v_CA21_493: 2 persons, - Total","v_CA21_494: 3 persons, - Total","v_CA21_495: 4 persons, - Total","v_CA21_496: 5 or more persons, - Total","v_CA21_497: Average size of census families, - Total","v_CA21_560: Median total income in 2020 among recipients ($), - Total","v_CA21_561: Median total income in 2020 among recipients ($), - Male","v_CA21_562: Median total income in 2020 among recipients ($), - Female","v_CA21_563: Number of after-tax income recipients aged 15 years and over in private households in 2020, - Total","v_CA21_564: Number of after-tax income recipients aged 15 years and over in private households in 2020, - Male","v_CA21_565: Number of after-tax income recipients aged 15 years and over in private households in 2020, - Female","v_CA21_566: Median after-tax income in 2020 among recipients ($), - Total","v_CA21_567: Median after-tax income in 2020 among recipients ($), - Male","v_CA21_568: Median after-tax income in 2020 among recipients ($), - Female","v_CA21_569: Number of market income recipients aged 15 years and over in private households in 2020, - Total","v_CA21_570: Number of market income recipients aged 15 years and over in private households in 2020, - Male","v_CA21_571: Number of market income recipients aged 15 years and over in private households in 2020, - Female","v_CA21_722: Under $10,000 (including loss), - Total","v_CA21_725: $10,000 to $19,999, - Total","v_CA21_728: $20,000 to $29,999, - Total","v_CA21_731: $30,000 to $39,999, - Total","v_CA21_734: $40,000 to $49,999, - Total","v_CA21_737: $50,000 to $59,999, - Total","v_CA21_740: $60,000 to $69,999, - Total","v_CA21_743: $70,000 to $79,999, - Total","v_CA21_746: $80,000 to $89,999, - Total","v_CA21_749: $90,000 to $99,999, - Total","v_CA21_752: $100,000 and over, - Total","v_CA21_830: Median market income in 2019 among recipients ($), - Total","v_CA21_831: Median market income in 2019 among recipients ($), - Male","v_CA21_832: Median market income in 2019 among recipients ($), - Female","v_CA21_833: Number of employment income recipients aged 15 years and over in private households in 2019, - Total","v_CA21_834: Number of employment income recipients aged 15 years and over in private households in 2019, - Male","v_CA21_835: Number of employment income recipients aged 15 years and over in private households in 2019, - Female","v_CA21_836: Median employment income in 2019 among recipients ($), - Total","v_CA21_837: Median employment income in 2019 among recipients ($), - Male","v_CA21_838: Median employment income in 2019 among recipients ($), - Female","v_CA21_839: Number of government transfers recipients aged 15 years and over in private households in 2019, - Total","v_CA21_840: Number of government transfers recipients aged 15 years and over in private households in 2019, - Male","v_CA21_841: Number of government transfers recipients aged 15 years and over in private households in 2019, - Female","v_CA21_842: Median government transfers in 2019 among recipients ($), - Total","v_CA21_843: Median government transfers in 2019 among recipients ($), - Male","v_CA21_844: Median government transfers in 2019 among recipients ($), - Female","v_CA21_845: Number of employment insurance benefits recipients aged 15 years and over in private households in 2019, - Total","v_CA21_846: Number of employment insurance benefits recipients aged 15 years and over in private households in 2019, - Male","v_CA21_847: Number of employment insurance benefits recipients aged 15 years and over in private households in 2019, - Female","v_CA21_848: Median employment insurance benefits in 2019 among recipients ($), - Total","v_CA21_849: Median employment insurance benefits in 2019 among recipients ($), - Male","v_CA21_850: Median employment insurance benefits in 2019 among recipients ($), - Female","v_CA21_923: Household total income groups in 2020 for private households, - Total","v_CA21_924: Under $5,000, - Total","v_CA21_925: $5,000 to $9,999, - Total","v_CA21_926: $10,000 to $14,999, - Total","v_CA21_927: $15,000 to $19,999, - Total","v_CA21_928: $20,000 to $24,999, - Total","v_CA21_929: $25,000 to $29,999, - Total","v_CA21_930: $30,000 to $34,999, - Total","v_CA21_931: $35,000 to $39,999, - Total","v_CA21_932: $40,000 to $44,999, - Total","v_CA21_933: $45,000 to $49,999, - Total","v_CA21_934: $50,000 to $59,999, - Total","v_CA21_935: $60,000 to $69,999, - Total","v_CA21_936: $70,000 to $79,999, - Total","v_CA21_937: $80,000 to $89,999, - Total","v_CA21_938: $90,000 to $99,999, - Total","v_CA21_939: $100,000 and over, - Total","v_CA21_945: Under $5,000, - Total","v_CA21_946: $5,000 to $9,999, - Total","v_CA21_947: $10,000 to $14,999, - Total","v_CA21_948: $15,000 to $19,999, - Total","v_CA21_949: $20,000 to $24,999, - Total","v_CA21_950: $25,000 to $29,999, - Total","v_CA21_951: $30,000 to $34,999, - Total","v_CA21_952: $35,000 to $39,999, - Total","v_CA21_953: $40,000 to $44,999, - Total","v_CA21_954: $45,000 to $49,999, - Total","v_CA21_955: $50,000 to $59,999, - Total","v_CA21_956: $60,000 to $69,999, - Total","v_CA21_957: $70,000 to $79,999, - Total","v_CA21_958: $80,000 to $89,999, - Total","v_CA21_959: $90,000 to $99,999, - Total","v_CA21_960: $100,000 and over, - Total","v_CA21_1040: Prevalence of low income based on the Low-income measure, after tax (LIM-AT) (%), - Total","v_CA21_1085: Prevalence of low income based on the Low-income cut-offs, after tax (LICO-AT) (%), - Total","v_CA21_1144: Knowledge of official languages for the total population excluding institutional residents, - Total","v_CA21_1145: Knowledge of official languages for the total population excluding institutional residents, - Male","v_CA21_1146: Knowledge of official languages for the total population excluding institutional residents, - Female","v_CA21_1147: English only, - Total","v_CA21_1148: English only, - Male","v_CA21_1149: English only, - Female","v_CA21_1150: French only, - Total","v_CA21_1151: French only, - Male","v_CA21_1152: French only, - Female","v_CA21_1153: English and French, - Total","v_CA21_1154: English and French, - Male","v_CA21_1155: English and French, - Female","v_CA21_1156: Neither English nor French, - Total","v_CA21_1157: Neither English nor French, - Male","v_CA21_1158: Neither English nor French, - Female","v_CA21_4306: % of owner households with a mortgage, - Total","v_CA21_4307: % of owner households spending 30% or more of its income on shelter costs, - Total","v_CA21_4309: Median monthly shelter costs for owned dwellings ($), - Total","v_CA21_4310: Average monthly shelter costs for owned dwellings ($), - Total","v_CA21_4311: Median value of dwellings ($), - Total","v_CA21_4312: Average value of dwellings ($), - Total","v_CA21_4313: Total - Tenant households in non-farm, non-reserve private dwellings, - Total","v_CA21_4314: % of tenant households in subsidized housing, - Total","v_CA21_4315: % of tenant households spending 30% or more of its income on shelter costs, - Total","v_CA21_4317: Median monthly shelter costs for rented dwellings ($), - Total","v_CA21_4318: Average monthly shelter costs for rented dwellings ($), - Total","v_CA21_4407: Non-immigrants, - Total","v_CA21_4410: Immigrants, - Total","v_CA21_4434: Non-permanent residents, - Total","v_CA21_4809: Oceania and other, - Total","v_CA21_4875: Total visible minority population, - Total","v_CA21_4876: Total visible minority population, - Male","v_CA21_4877: Total visible minority population, - Female","v_CA21_4878: South Asian, - Total","v_CA21_4879: South Asian, - Male","v_CA21_4880: South Asian, - Female","v_CA21_4881: Chinese, - Total","v_CA21_4882: Chinese, - Male","v_CA21_4883: Chinese, - Female","v_CA21_4884: Black, - Total","v_CA21_4885: Black, - Male","v_CA21_4886: Black, - Female","v_CA21_4887: Filipino, - Total","v_CA21_4888: Filipino, - Male","v_CA21_4889: Filipino, - Female","v_CA21_4890: Arab, - Total","v_CA21_4891: Arab, - Male","v_CA21_4892: Arab, - Female","v_CA21_4893: Latin American, - Total","v_CA21_4894: Latin American, - Male","v_CA21_4895: Latin American, - Female","v_CA21_4896: Southeast Asian, - Total","v_CA21_4897: Southeast Asian, - Male","v_CA21_4898: Southeast Asian, - Female","v_CA21_4899: West Asian, - Total","v_CA21_4900: West Asian, - Male","v_CA21_4901: West Asian, - Female","v_CA21_4902: Korean, - Total","v_CA21_4903: Korean, - Male","v_CA21_4904: Korean, - Female","v_CA21_4905: Japanese, - Total","v_CA21_4906: Japanese, - Male","v_CA21_4907: Japanese, - Female","v_CA21_4908: Visible minority, n.i.e., - Total","v_CA21_4909: Visible minority, n.i.e., - Male","v_CA21_4910: Visible minority, n.i.e., - Female","v_CA21_4911: Multiple visible minorities, - Total","v_CA21_4912: Multiple visible minorities, - Male","v_CA21_4913: Multiple visible minorities, - Female","v_CA21_4914: Not a visible minority, - Total","v_CA21_4915: Not a visible minority, - Male","v_CA21_4916: Not a visible minority, - Female","v_CA21_4971: First Nations (North American Indian), n.o.s., - Total","v_CA21_4974: MÃ©tis, - Total","v_CA21_4977: European, n.o.s., - Total","v_CA21_5094: South Asian, n.o.s., - Total","v_CA21_5109: Latin, Central or South American, n.o.s., - Total","v_CA21_5202: East or Southeast Asian, n.o.s., - Total","v_CA21_5205: West or Central Asian or Middle Eastern, n.o.s., - Total","v_CA21_5208: Caribbean, n.o.s., - Total","v_CA21_5670: Total - Religion for the population in private households, - Total","v_CA21_5671: Total - Religion for the population in private households, - Male","v_CA21_5672: Total - Religion for the population in private households, - Female","v_CA21_5673: Buddhist, - Total","v_CA21_5674: Buddhist, - Male","v_CA21_5675: Buddhist, - Female","v_CA21_5676: Christian, - Total","v_CA21_5677: Christian, - Male","v_CA21_5678: Christian, - Female","v_CA21_5724: Hindu, - Total","v_CA21_5725: Hindu, - Male","v_CA21_5726: Hindu, - Female","v_CA21_5727: Jewish, - Total","v_CA21_5728: Jewish, - Male","v_CA21_5729: Jewish, - Female","v_CA21_5730: Muslim, - Total","v_CA21_5731: Muslim, - Male","v_CA21_5732: Muslim, - Female","v_CA21_5733: Sikh, - Total","v_CA21_5734: Sikh, - Male","v_CA21_5735: Sikh, - Female","v_CA21_5736: Traditional (North American Indigenous) spirituality, - Total","v_CA21_5737: Traditional (North American Indigenous) spirituality, - Male","v_CA21_5738: Traditional (North American Indigenous) spirituality, - Female","v_CA21_5739: Other religions and spiritual traditions, - Total","v_CA21_5740: Other religions and spiritual traditions, - Male","v_CA21_5741: Other religions and spiritual traditions, - Female","v_CA21_5742: No religion and secular perspectives, - Total","v_CA21_5743: No religion and secular perspectives, - Male","v_CA21_5744: No religion and secular perspectives, - Female","v_CA21_5817: Total - Highest certificate, diploma or degree for the population aged 15 years and over in private households, - Total","v_CA21_5818: Total - Highest certificate, diploma or degree for the population aged 15 years and over in private households, - Male","v_CA21_5819: Total - Highest certificate, diploma or degree for the population aged 15 years and over in private households, - Female","v_CA21_5820: No certificate, diploma or degree, - Total","v_CA21_5821: No certificate, diploma or degree, - Male","v_CA21_5822: No certificate, diploma or degree, - Female","v_CA21_5823: High (secondary) school diploma or equivalency certificate, - Total","v_CA21_5824: High (secondary) school diploma or equivalency certificate, - Male","v_CA21_5825: High (secondary) school diploma or equivalency certificate, - Female","v_CA21_5832: Apprenticeship or trades certificate or diploma, - Total","v_CA21_5833: Apprenticeship or trades certificate or diploma, - Male","v_CA21_5834: Apprenticeship or trades certificate or diploma, - Female","v_CA21_5841: College, CEGEP or other non-university certificate or diploma, - Total","v_CA21_5842: College, CEGEP or other non-university certificate or diploma, - Male","v_CA21_5843: College, CEGEP or other non-university certificate or diploma, - Female","v_CA21_5844: University certificate or diploma below bachelor level, - Total","v_CA21_5845: University certificate or diploma below bachelor level, - Male","v_CA21_5846: University certificate or diploma below bachelor level, - Female","v_CA21_5850: Bachelor's degree, - Total","v_CA21_5851: Bachelor's degree, - Male","v_CA21_5852: Bachelor's degree, - Female","v_CA21_5853: University certificate or diploma above bachelor level, - Total","v_CA21_5854: University certificate or diploma above bachelor level, - Male","v_CA21_5855: University certificate or diploma above bachelor level, - Female","v_CA21_5856: Degree in medicine, dentistry, veterinary medicine or optometry, - Total","v_CA21_5857: Degree in medicine, dentistry, veterinary medicine or optometry, - Male","v_CA21_5858: Degree in medicine, dentistry, veterinary medicine or optometry, - Female","v_CA21_5859: Master's degree, - Total","v_CA21_5860: Master's degree, - Male","v_CA21_5861: Master's degree, - Female","v_CA21_5862: Earned doctorate, - Total","v_CA21_5863: Earned doctorate, - Male","v_CA21_5864: Earned doctorate, - Female","v_CA21_5868: No certificate, diploma or degree, - Total","v_CA21_5880: Apprenticeship or trades certificate or diploma, - Total","v_CA21_5889: College, CEGEP or other non-university certificate or diploma, - Total","v_CA21_5892: University certificate or diploma below bachelor level, - Total","v_CA21_6498: Employed, - Total","v_CA21_6501: Unemployed, - Total","v_CA21_6504: Not in the labour force, - Total","v_CA21_6570: 0 Legislative and senior management occupations, - Total","v_CA21_6576: 2 Natural and applied sciences and related occupations, - Total","v_CA21_6579: 3 Health occupations, - Total","v_CA21_6582: 4 Occupations in education, law and social, community and government services, - Total","v_CA21_6585: 5 Occupations in art, culture, recreation and sport, - Total","v_CA21_6588: 6 Sales and service occupations, - Total","v_CA21_6591: 7 Trades, transport and equipment operators and related occupations, - Total","v_CA21_6594: 8 Natural resources, agriculture and related production occupations, - Total","v_CA21_6597: 9 Occupations in manufacturing and utilities, - Total","v_CA21_7638: Car, truck or van - as a driver, - Total","v_CA21_7641: Car, truck or van - as a passenger, - Total","v_CA21_7644: Public transit, - Total","v_CA21_7647: Walked, - Total","v_CA21_7650: Bicycle, - Total","v_CA21_7653: Other method, - Total","v_CA21_7659: Less than 15 minutes, - Total","v_CA21_7662: 15 to 29 minutes, - Total","v_CA21_7665: 30 to 44 minutes, - Total","v_CA21_7668: 45 to 59 minutes, - Total","v_CA21_7671: 60 minutes and over, - Total"
"59152341","DA","59152341",0.1944,1092,557,451,"5915002","5915","9330503.08","59933",100,45,55,65,35,30,40,25,15,35,20,15,35,15,20,95,40,60,130,65,70,120,70,50,55,30,25,55,25,30,40,20,25,40,20,20,55,30,25,40,15,25,55,15,35,55,25,35,40,15,25,30,10,15,450,20,0,0,0,540,345,195,20,50,75,165,90,40,20,2.8,46000,52800,38400,860,405,450,41600,46800,35600,805,385,420,50,75,135,145,155,100,80,45,30,15,25,38800,49200,29400,645,330,320,44400,52400,35600,580,225,355,8400,4880,9600,60,20,45,6400,5040,6650,450,5,0,0,0,10,10,10,15,15,25,25,30,45,30,30,200,5,0,0,0,10,15,10,20,25,20,40,30,45,35,50,150,7.2,4.4,1085,520,565,1030,495,540,0,0,0,35,15,20,15,10,10,64.4,12.3,1540,1595,650000,618000,60,0,0,1700,1800,640,350,40,0,535,245,285,300,135,170,35,15,20,20,10,0,20,10,10,0,0,0,0,0,0,15,10,10,70,30,40,25,0,15,0,0,0,10,0,0,45,20,15,505,245,260,0,0,0,0,0,0,0,0,1040,485,550,0,0,0,300,135,165,20,10,15,0,0,0,100,40,60,215,100,115,0,0,0,0,0,0,410,210,195,875,415,455,145,55,90,255,135,120,80,70,10,150,55,90,30,15,15,135,45,90,20,0,15,0,0,0,55,30,25,0,0,0,70,50,100,20,540,35,305,0,60,35,30,15,150,115,10,15,345,30,35,0,0,10,80,120,95,75,50
"59152342","DA","59152342",0.2406,316,116,111,"5915002","5915","9330503.08","59933",25,10,15,20,10,15,15,10,5,15,10,5,15,5,10,20,10,10,20,10,10,25,10,15,20,15,5,10,10,5,20,5,20,20,5,15,25,20,5,20,10,10,15,5,10,0,5,0,10,0,10,0,0,0,110,90,0,0,0,165,85,55,5,15,10,45,15,30,10,3,45600,54800,36000,240,120,120,42400,48400,33200,215,110,105,15,20,40,30,35,15,25,20,10,5,15,42800,56400,31000,185,100,90,46400,62400,32800,145,55,95,8300,5760,8600,15,5,10,NA,NA,NA,110,0,0,0,0,0,5,0,5,0,0,5,5,10,5,5,60,0,0,0,0,0,5,0,5,5,0,10,10,5,10,5,50,7.2,4.5,315,150,165,290,135,155,0,0,0,25,15,10,5,0,0,60,30,1380,1600,1e+06,1020000,20,0,0,NA,NA,260,65,0,0,50,15,35,0,0,0,0,0,0,0,0,0,0,0,0,0,0,0,0,0,0,0,0,0,0,0,0,0,0,0,0,0,0,0,0,0,0,0,0,270,135,140,0,10,0,0,0,0,0,0,325,150,175,0,0,0,130,55,75,0,0,0,0,0,0,0,0,0,0,0,0,0,0,0,0,0,0,175,85,90,250,120,130,40,40,10,65,30,40,15,15,0,50,15,35,15,10,0,30,10,20,20,10,10,0,0,0,15,10,10,0,0,0,30,15,35,10,150,10,95,0,15,0,30,0,40,30,15,0,110,10,0,0,0,0,30,35,25,30,10
"59152343","DA","59152343",0.1638,1106,536,523,"5915002","5915","9330503.08","59933",95,40,55,50,30,25,30,20,10,45,20,20,55,30,25,145,75,75,175,90,85,110,60,50,85,40,45,60,35,25,50,25,25,55,30,25,50,15,30,45,20,25,30,15,15,10,5,5,10,5,5,10,0,5,525,30,0,0,0,535,400,265,35,65,30,175,75,45,15,2.7,50000,59200,42400,890,445,445,44400,52000,38800,825,415,410,65,70,105,135,165,140,95,65,25,10,15,45600,55200,36800,755,390,365,46800,55600,38400,525,225,300,2600,775,4600,80,35,45,6550,5720,6950,525,10,0,0,5,20,5,10,10,15,25,50,45,45,45,45,190,10,0,5,0,20,15,15,20,20,30,65,55,50,55,40,130,8.8,5.2,1100,550,550,1025,515,510,0,0,0,45,20,20,25,15,15,91.1,34.2,1660,1730,448000,532000,100,0,40,1600,1560,645,390,15,0,520,250,270,175,70,100,25,0,15,25,15,15,140,75,65,0,0,0,10,10,0,80,45,35,0,0,0,30,10,15,0,0,0,10,0,0,20,15,0,530,275,255,20,15,25,0,0,0,0,0,1050,525,525,55,30,25,405,210,195,55,20,40,0,0,0,30,20,15,70,35,35,0,0,0,0,0,0,440,215,225,855,425,430,60,35,25,285,155,130,75,45,25,190,95,95,40,25,20,160,60,100,20,0,20,0,0,0,25,10,15,0,0,0,25,60,175,35,640,30,185,0,45,75,50,15,150,130,25,45,470,40,30,10,0,10,150,140,185,60,30
"59152344","DA","59152344",0.0967,1039,522,506,"5915002","5915","9330503.06","59933",55,25,30,50,20,25,40,20,20,35,10,25,65,30,35,130,65,65,95,55,45,85,45,40,75,35,40,50,25,20,70,35,35,65,30,30,55,20,30,55,25,35,50,20,40,30,10,20,20,5,10,15,5,10,505,10,0,0,0,465,425,250,40,90,45,175,45,40,20,2.7,44000,52000,39200,875,395,480,40000,45600,35600,800,375,425,50,85,135,170,135,125,80,35,20,20,20,38400,47600,31000,680,335,350,40800,49600,33600,595,240,355,4800,1820,7550,75,40,35,4440,3840,5280,505,5,0,0,5,10,15,20,20,25,25,50,40,45,35,30,165,5,0,0,5,15,20,20,30,30,30,60,50,45,35,35,120,7.6,5,1040,475,565,980,455,525,0,0,0,35,10,25,20,10,10,62.3,24.5,1380,1310,448000,484000,265,0,49.1,1680,1620,745,290,20,0,300,135,160,60,35,30,0,0,0,30,10,15,75,30,50,15,10,10,35,15,20,25,15,10,10,10,10,25,15,10,0,0,0,10,0,10,10,0,0,755,325,430,50,50,10,0,0,0,0,0,1055,460,590,0,0,0,510,205,300,0,0,0,0,0,0,50,20,35,35,25,10,0,0,0,10,0,10,445,215,235,900,385,515,140,65,75,265,110,155,55,45,10,185,70,110,30,0,30,160,60,100,20,0,10,0,0,0,45,20,25,0,0,0,60,40,135,25,570,35,295,0,25,40,60,0,190,95,0,50,365,50,30,20,15,0,120,170,110,50,30
"59152345","DA","59152345",0.1121,1023,590,579,"5915002","5915","9330503.06","59933",45,25,20,25,15,5,25,15,15,20,5,15,40,20,20,70,30,35,95,50,50,65,30,35,50,25,25,65,30,40,70,35,35,95,40,55,100,45,55,85,30,50,70,25,45,45,10,35,25,10,15,30,10,20,575,0,0,0,0,425,505,260,40,125,80,190,40,20,10,2.4,43200,48800,38800,895,385,505,39200,43600,35200,815,355,460,55,85,170,150,155,110,90,35,20,5,15,37200,44400,30800,660,305,355,41600,47200,36800,650,255,390,8000,5680,9000,60,25,35,6550,6500,7000,580,5,0,0,15,25,35,20,30,25,30,80,40,65,50,45,115,5,0,0,15,25,40,25,30,40,45,70,70,55,60,35,65,10.2,5,1025,455,565,945,425,525,0,0,0,55,25,35,20,10,10,55.1,19.2,920,1164,416000,414000,230,0,39.1,1360,1360,700,345,0,0,195,85,105,20,10,10,15,10,10,0,0,0,45,20,25,0,0,0,10,0,10,10,0,10,0,0,0,50,20,30,10,0,0,0,0,0,0,0,0,860,380,480,0,0,15,0,0,0,0,0,1055,470,585,10,0,10,520,205,320,0,0,0,0,0,0,0,0,0,0,0,0,0,0,0,0,0,0,490,245,240,970,410,560,145,55,90,350,135,215,110,70,35,180,70,105,45,10,35,95,30,65,0,0,0,0,0,0,20,20,0,15,0,10,65,75,120,35,540,40,395,0,35,35,75,10,130,130,10,25,360,30,40,10,0,0,120,140,90,50,45
"59152346","DA","59152346",0.084,1057,500,488,"5915002","5915","9330503.06","59933",55,20,30,60,25,35,50,30,20,45,25,15,45,20,15,85,45,40,115,65,50,105,45,60,80,40,40,55,30,25,65,35,30,45,25,25,50,20,30,60,25,30,45,20,25,25,10,10,30,5,25,45,15,35,490,5,0,0,0,445,445,260,35,90,65,155,60,40,20,2.7,42000,50800,37600,830,405,425,38400,44800,34800,715,355,360,60,85,145,155,105,115,75,40,15,10,15,39600,52400,32000,645,335,310,43600,56400,36000,560,235,325,5480,3180,6600,75,35,35,5080,3400,7350,490,5,0,5,10,30,15,10,20,25,15,40,35,50,40,30,150,5,0,5,10,30,25,10,35,25,15,55,60,40,35,45,100,12.4,6.2,1015,500,520,955,465,485,0,0,0,50,25,25,15,10,10,77.8,19,1480,1440,424000,448000,180,0,33.3,1320,1350,710,365,15,0,375,195,180,100,65,40,20,0,15,25,20,10,140,75,65,0,0,0,15,10,0,35,0,25,0,0,0,0,0,0,0,0,0,0,0,0,25,10,10,715,355,355,0,55,45,0,0,0,0,0,1090,550,540,65,25,35,440,205,235,10,10,0,0,0,0,25,0,20,25,10,15,0,0,0,0,0,0,525,290,235,920,475,445,135,65,70,310,170,140,105,90,10,185,70,120,20,10,10,125,45,85,0,0,0,0,0,0,20,15,0,10,0,0,60,90,145,10,580,50,290,0,50,45,60,15,140,175,15,50,410,35,15,15,0,0,120,160,105,50,50
"59152347","DA","59152347",0.0725,1009,483,472,"5915002","5915","9330503.06","59933",60,35,25,60,30,30,50,25,25,40,15,25,70,35,45,110,45,65,105,55,55,105,50,55,75,40,35,65,30,35,60,30,30,45,20,25,45,15,35,35,15,25,35,15,20,25,10,15,10,5,5,5,0,5,470,5,0,0,0,445,395,265,35,75,20,185,60,40,15,2.6,46000,52800,41200,820,365,455,41200,46400,37600,735,340,395,55,90,105,145,165,105,70,40,30,5,10,38800,49600,32000,655,305,355,40400,50400,34400,535,215,325,3180,2100,3960,65,25,35,5200,5280,5160,470,5,0,10,10,10,10,10,15,20,25,50,40,30,40,25,170,5,0,10,10,10,15,20,20,20,30,60,40,40,35,50,110,13.4,7.4,1005,465,545,950,440,515,0,0,0,30,10,20,25,10,15,76.8,26.8,1410,1480,448000,460000,210,19,35.7,1530,1470,695,290,65,0,350,145,205,80,20,55,20,10,15,40,20,20,60,30,25,0,0,0,55,25,35,0,0,0,10,0,0,45,20,30,0,0,0,0,0,0,0,0,0,700,335,365,0,20,15,0,25,0,0,0,1050,480,575,15,0,10,390,175,215,0,0,0,10,0,10,65,20,40,15,0,10,0,0,0,0,0,0,545,265,280,875,395,480,115,50,60,285,120,165,100,80,25,145,55,100,60,15,45,105,45,60,10,10,0,0,0,0,45,25,20,0,0,0,65,75,125,55,660,20,195,0,45,25,45,45,160,150,50,30,430,25,40,45,0,0,110,195,135,55,55
"59152348","DA","59152348",0.0437,415,195,186,"5915002","5915","9330503.07","59933",30,20,15,25,15,10,15,10,10,15,5,10,25,15,10,30,15,15,45,25,20,40,15,25,25,20,10,25,10,15,25,10,10,30,15,20,15,10,10,25,15,10,15,5,10,10,0,5,5,5,5,5,0,5,185,0,0,0,0,145,195,120,25,35,10,50,20,20,5,2.9,37600,42400,33600,335,165,170,34000,38000,31200,275,145,135,25,45,70,65,50,30,20,15,5,10,5,35600,42000,28600,250,135,115,36400,44000,30200,240,100,140,6550,3000,7450,30,15,10,6950,NA,NA,185,0,0,0,10,15,10,10,10,5,10,20,10,10,10,15,55,0,0,0,10,15,10,15,10,10,10,15,15,15,15,15,40,13.6,7.6,415,210,210,380,200,185,0,0,0,10,5,5,25,10,15,88.2,0,1660,1640,488000,460000,95,0,52.6,1250,1200,295,90,20,0,135,60,80,45,25,20,10,10,0,10,0,0,50,20,30,0,0,0,20,0,20,0,0,0,0,0,0,0,0,0,0,0,0,0,0,0,0,0,0,275,130,145,0,0,0,0,0,0,0,0,410,190,220,0,0,0,165,60,110,35,20,15,0,0,0,0,0,0,0,0,0,0,0,0,15,10,10,160,85,70,315,145,175,50,25,30,90,50,40,40,30,10,65,20,45,15,0,15,40,20,25,0,0,0,0,0,0,15,0,10,0,0,0,30,30,45,10,220,10,90,0,10,10,20,10,75,30,15,25,130,10,55,10,0,0,35,75,45,20,30
"59152350","DA","59152350",0.0982,784,501,482,"5915002","5915","9330503.07","59933",30,20,15,20,10,10,10,10,10,10,5,10,20,10,10,45,20,20,40,25,15,55,30,25,45,20,30,30,20,10,35,15,20,50,25,30,75,35,40,60,20,45,100,45,60,55,20,35,45,15,35,50,25,25,480,0,0,0,0,350,370,135,35,115,80,155,30,5,5,2.4,36400,43200,31200,715,320,395,34000,39200,29400,620,290,330,40,85,175,130,125,55,45,35,5,0,10,27800,36400,19200,440,225,215,34800,44000,30400,585,235,355,13000,13000,13200,40,20,20,4800,NA,4560,480,5,0,0,5,50,40,30,30,40,20,50,35,30,45,30,65,5,0,0,10,50,50,30,40,40,30,45,35,60,20,20,45,18,6.6,785,350,430,755,340,415,0,0,0,25,10,15,5,0,5,57.3,25.3,1000,1060,352000,372000,105,0,42.9,920,940,600,170,0,0,125,60,65,40,25,10,10,10,0,0,0,0,45,20,25,0,0,0,0,0,0,0,0,0,15,10,10,0,0,0,0,0,0,0,0,0,0,0,0,645,295,350,10,10,0,0,0,0,0,0,770,355,415,0,0,0,400,175,230,0,0,0,0,0,0,25,10,15,30,20,10,0,0,0,0,0,0,305,155,145,730,325,405,95,35,60,250,95,150,115,90,20,140,45,95,40,10,30,75,45,30,0,0,0,0,0,0,15,0,10,0,0,0,25,55,75,30,310,45,385,0,25,10,25,0,105,50,20,30,195,15,20,0,0,0,95,55,45,25,25
"59152351","DA","59152351",0.1997,546,188,181,"5915002","5915","9330503.03","59933",30,20,10,35,20,15,50,30,20,30,20,15,40,25,10,25,15,15,35,20,20,55,30,25,35,10,20,40,20,15,40,20,20,40,20,20,40,25,15,25,10,10,10,5,5,10,10,0,0,0,0,5,0,5,180,120,0,0,0,245,190,130,20,20,20,65,35,50,15,3.1,41600,48800,36400,420,220,205,38400,43600,33200,380,205,175,45,35,70,65,60,40,20,30,20,10,15,40000,48800,32400,335,185,155,41600,50000,36400,270,110,160,5320,3040,5960,40,25,20,3920,3920,NA,180,0,0,0,0,0,0,0,5,5,0,10,5,10,15,15,105,0,0,0,0,0,0,5,0,5,5,10,10,15,15,10,90,7.8,3.8,545,285,260,510,275,235,0,0,0,35,10,20,5,0,0,88.5,19.2,1720,1880,950000,9e+05,55,0,27.3,1280,1480,455,105,0,0,80,40,45,50,20,30,0,0,0,0,0,0,25,10,15,0,0,0,0,0,0,0,0,0,0,0,0,0,0,0,0,0,0,0,0,0,0,0,0,485,240,245,30,25,25,0,0,0,0,0,565,275,295,0,0,0,210,100,115,15,0,10,0,0,0,0,0,0,0,0,0,0,0,0,0,0,0,320,165,160,435,215,225,65,30,35,140,65,75,45,30,20,95,45,50,15,10,0,45,25,25,0,0,0,0,0,0,25,10,15,0,0,0,30,40,80,15,335,15,85,0,30,35,20,0,125,60,10,10,235,25,10,25,0,0,85,115,50,25,15
"59152352","DA","59152352",0.3,618,198,193,"5915002","5915","9330503.03","59933",50,20,25,45,20,25,60,35,25,40,20,20,25,15,15,25,10,15,45,25,20,55,20,30,55,30,25,40,25,15,45,25,20,25,10,15,40,15,25,20,10,15,30,15,15,15,5,10,0,0,0,0,0,0,195,150,0,0,0,290,175,125,15,15,15,60,30,70,15,3.3,45200,54400,39600,440,225,220,40800,47600,36400,410,205,205,45,45,60,70,50,45,35,35,25,15,30,42400,61600,34000,345,175,170,45200,61200,34400,275,110,160,5120,4520,5840,45,10,30,4240,NA,6950,195,0,0,0,0,5,5,5,5,5,0,10,15,5,10,10,120,0,0,0,0,5,5,5,5,5,5,10,10,15,10,10,110,4,2.8,615,310,305,600,305,290,0,0,0,10,5,10,10,0,5,69.7,12.1,2120,1960,990000,980000,30,0,0,NA,1400,490,110,0,0,110,60,55,50,25,30,20,10,10,0,0,0,0,0,0,0,0,0,0,0,0,0,0,0,0,0,0,0,0,0,0,0,0,0,0,0,0,0,0,490,250,240,15,0,0,0,0,0,0,0,600,305,290,0,0,0,245,125,120,0,0,0,0,0,0,20,10,10,40,20,20,0,0,0,0,0,0,285,150,135,460,240,220,70,35,45,160,80,80,40,35,10,105,45,60,10,0,10,60,35,30,0,0,0,0,0,0,0,0,0,0,0,0,15,40,85,10,310,25,130,0,10,30,40,15,70,75,15,0,235,25,0,0,0,0,90,75,40,45,15
"59152353","DA","59152353",0.1782,399,135,127,"5915002","5915","9330503.03","59933",25,10,5,30,15,10,30,15,10,30,15,15,25,10,10,15,10,10,30,10,15,35,15,25,30,20,15,20,10,10,25,10,15,30,15,10,20,10,10,25,5,15,25,15,5,10,5,5,10,0,0,0,0,0,130,90,0,0,0,205,115,90,0,20,10,40,30,30,10,3.2,44800,54000,35200,310,155,155,40400,48800,32400,275,140,135,25,35,50,45,35,30,30,15,15,10,15,38400,55200,28200,245,120,125,42400,58800,29000,195,75,120,5920,6500,5560,30,0,20,7500,NA,8600,125,0,0,0,0,0,0,0,5,0,0,10,5,15,5,5,70,0,0,0,0,0,0,0,5,0,5,10,10,10,5,5,65,3.2,3.2,400,205,195,370,195,175,0,0,0,20,10,15,5,0,5,75,25,1900,1800,1e+06,1020000,0,NA,NA,NA,NA,300,60,0,0,90,40,45,20,10,10,0,0,0,0,0,0,0,0,0,0,0,0,0,0,0,15,10,10,10,10,0,0,0,0,0,0,0,0,0,0,0,0,0,280,135,145,0,0,0,0,0,0,0,0,360,175,190,20,10,10,140,65,75,0,0,0,0,0,0,0,0,0,20,10,10,0,0,0,0,0,0,165,80,85,295,155,135,50,20,30,105,75,30,0,0,0,40,15,35,10,0,0,35,30,15,20,10,15,0,0,0,15,10,0,0,0,0,20,0,30,10,190,10,90,0,10,10,35,0,45,45,10,0,135,10,0,0,0,0,40,35,50,10,10
"59152354","DA","59152354",0.1704,513,182,177,"5915002","5915","9330503.03","59933",40,25,15,30,15,20,25,10,15,25,15,15,45,20,20,25,5,15,35,15,20,45,20,25,45,25,15,30,20,15,35,15,20,40,20,20,30,15,15,15,5,10,20,15,5,10,0,5,5,0,0,0,5,5,180,85,0,0,0,255,160,115,10,25,15,65,35,40,15,3,44800,59600,38800,400,200,200,40800,51200,35600,365,190,175,35,45,50,65,50,45,35,35,15,5,15,38000,60400,29800,315,160,155,43200,63200,28600,245,100,145,5640,3680,7350,35,15,25,5640,NA,12400,175,0,0,0,0,5,0,5,0,5,0,5,10,5,15,20,95,0,0,0,0,5,0,5,0,10,0,15,10,20,20,10,80,6.8,5.2,510,255,255,475,245,230,0,0,0,30,10,20,5,0,0,74.2,25.8,1940,1800,9e+05,840000,35,0,0,NA,1200,515,25,0,0,45,20,25,25,15,15,0,0,0,0,0,0,0,0,0,0,0,0,0,0,0,0,0,0,0,0,0,0,0,0,0,0,0,0,0,0,0,0,0,505,235,270,20,30,0,0,0,0,0,0,545,255,290,0,0,0,170,80,85,0,0,0,0,0,0,15,0,10,0,0,0,0,0,0,0,0,0,355,170,185,440,195,240,55,30,25,150,75,75,65,45,20,100,25,65,20,0,15,35,0,30,0,0,0,0,0,0,10,0,10,0,0,0,20,60,90,10,285,25,130,0,25,10,40,15,60,110,0,10,240,0,0,10,0,10,70,65,75,25,30
"59152355","DA","59152355",0.1986,513,162,155,"5915002","5915","9330503.03","59933",25,10,10,35,15,20,35,15,15,40,10,25,35,15,20,30,10,20,30,15,15,35,15,15,25,15,10,35,20,15,45,25,25,35,10,20,35,20,10,30,15,15,10,5,10,25,10,10,5,0,0,10,5,5,155,120,0,0,0,275,145,125,5,5,15,60,25,45,20,3.2,48800,58800,37600,410,195,215,44000,52400,33200,380,190,195,45,45,55,40,50,55,40,30,15,10,25,42000,54400,31400,320,155,155,39600,54800,27000,235,95,145,6950,4960,7300,15,5,10,NA,NA,NA,155,0,0,0,0,0,0,0,0,0,5,10,5,0,10,15,105,0,0,0,0,0,0,0,0,5,0,5,5,5,15,10,95,3.2,2.4,510,245,270,480,230,250,0,0,0,25,5,15,10,5,5,50,0,1040,2040,1100000,1200000,20,0,0,NA,NA,415,80,0,0,110,65,45,0,0,0,25,10,10,0,0,0,0,0,0,0,0,0,35,15,15,0,0,0,0,0,0,0,0,0,0,0,0,0,0,0,25,20,0,380,195,180,0,0,20,0,0,0,0,0,490,260,225,0,0,0,245,135,105,0,0,0,0,0,0,0,0,0,0,0,0,0,0,0,0,0,0,215,105,110,415,215,200,50,30,15,125,75,55,65,30,30,80,45,35,10,0,10,70,35,35,0,0,0,0,0,0,10,0,0,0,0,0,30,30,55,0,260,20,135,0,25,15,25,15,70,70,0,15,190,0,0,0,0,0,45,35,70,20,35
"59152356","DA","59152356",0.2195,483,172,161,"5915002","5915","9330503.03","59933",25,10,15,20,10,10,35,20,15,40,25,20,40,25,20,25,15,10,25,10,15,30,20,15,25,10,10,30,15,15,45,25,25,40,20,20,35,20,15,25,10,10,30,15,10,10,0,5,0,5,0,5,5,0,165,110,0,0,0,245,160,120,5,15,15,65,30,30,15,3,43600,50800,38400,395,205,190,39600,44800,36000,375,195,180,45,30,75,50,45,40,25,25,20,10,20,42000,51600,28600,310,165,145,42400,52000,32400,235,100,135,6500,6900,6400,30,10,20,6080,NA,6400,160,0,0,0,0,0,5,0,0,5,0,10,5,5,10,10,95,0,0,0,0,5,0,0,5,0,5,10,10,15,15,5,85,5.6,4.4,480,245,235,460,240,220,0,0,0,20,5,10,0,0,0,76.9,15.4,2640,2400,1200000,1080000,35,0,0,1140,1000,450,60,0,0,95,50,45,35,20,20,10,0,0,0,0,0,0,0,0,0,0,0,0,0,0,0,0,0,0,0,0,0,0,0,35,15,20,0,0,0,0,0,0,410,210,195,0,15,20,0,0,0,0,0,500,260,245,0,0,0,215,100,115,0,0,0,0,0,0,0,0,0,35,20,20,0,0,0,0,0,0,245,145,110,420,225,200,75,45,30,170,90,80,50,40,0,75,25,50,10,10,0,35,15,25,0,0,0,0,0,0,0,0,0,0,0,0,20,45,60,10,290,10,115,10,0,10,40,15,60,105,0,10,240,10,0,0,0,0,55,80,60,45,0
"59152357","DA","59152357",0.1209,294,111,104,"5915002","5915","9330503.03","59933",20,10,5,20,15,5,15,10,5,15,10,5,10,5,5,15,5,5,15,5,10,25,10,10,15,10,0,10,0,10,25,10,10,35,20,20,15,5,10,10,5,5,25,15,10,15,5,10,5,5,0,5,0,0,100,85,0,0,0,180,65,40,5,15,10,45,20,15,10,2.8,48000,73000,31600,230,110,120,43200,62000,30400,215,110,105,25,25,25,25,40,15,20,15,10,10,20,41600,66000,29400,170,85,80,41600,68500,27800,155,65,95,11900,10900,12000,15,5,5,NA,NA,NA,105,0,0,0,0,0,0,0,0,0,0,5,5,5,0,0,75,0,0,0,0,0,0,0,0,0,5,0,5,5,0,15,60,8,6,295,140,150,265,135,135,0,0,0,30,10,15,0,0,0,66.7,NA,2020,2500,1300000,1360000,0,NA,NA,NA,NA,210,25,0,0,20,0,15,0,0,0,0,0,0,0,0,0,0,0,0,0,0,0,0,0,0,0,0,0,0,0,0,0,0,0,0,0,0,0,0,0,0,0,0,205,115,95,0,0,0,0,0,0,0,0,235,120,110,0,0,0,90,40,50,0,0,0,0,0,0,0,0,0,0,0,0,0,0,0,0,0,0,145,85,60,180,85,95,25,15,15,50,25,30,25,25,0,60,15,45,0,0,0,0,0,0,0,0,0,0,0,0,0,0,0,0,0,0,15,25,35,0,75,0,95,10,0,0,0,0,10,25,0,0,50,0,0,0,0,0,20,10,15,0,10
"59152358","DA","59152358",0.5155,898,298,293,"5915002","5915","9330503.03","59933",35,20,15,45,20,25,65,35,30,65,30,35,45,30,20,40,30,15,55,20,30,75,35,40,80,40,40,50,25,25,65,35,30,55,30,30,75,35,35,45,25,20,45,15,30,25,15,10,20,10,10,10,5,10,295,255,0,0,0,500,250,170,15,40,25,135,50,65,20,2.9,50800,68500,39200,725,365,365,45600,57600,36000,685,350,335,60,80,95,70,100,60,85,50,45,20,60,48000,64500,34800,575,300,280,50000,67500,34800,410,150,260,6320,8900,6000,40,15,30,3800,NA,3960,295,0,0,0,0,0,0,0,0,5,0,5,10,15,15,15,205,0,0,0,0,0,0,0,0,5,5,15,15,10,25,20,185,2.4,2,900,450,450,845,430,415,0,0,0,45,20,25,5,0,5,76.8,12.5,2640,2480,1110000,1200000,30,0,0,NA,1900,805,195,0,0,195,75,120,120,55,65,0,0,0,35,20,15,0,0,0,0,0,0,0,0,0,0,0,0,0,0,0,0,0,0,0,0,0,0,0,0,0,0,0,805,445,360,15,0,50,0,0,0,0,0,1000,520,475,0,0,0,330,165,170,0,0,0,0,0,0,30,15,15,90,45,45,0,0,0,0,0,0,520,285,235,845,430,410,105,55,50,335,175,165,70,55,15,160,65,95,40,10,30,100,55,45,15,0,0,10,10,0,10,0,10,0,0,0,30,55,125,35,600,40,210,25,45,30,75,0,165,150,10,30,425,10,30,0,0,10,100,170,105,55,50
"59152359","DA","59152359",0.4081,843,305,295,"5915002","5915","9330503.03","59933",55,20,35,55,25,30,30,10,25,50,30,20,50,25,20,45,25,20,65,30,30,70,35,30,60,30,30,50,20,25,60,30,30,65,35,35,40,20,20,55,25,30,45,20,25,25,15,10,10,5,5,5,5,5,295,220,0,0,0,450,250,175,5,40,30,110,55,70,15,3,48400,55200,40400,695,350,345,43200,49600,36800,665,340,325,70,65,85,95,110,65,70,40,35,25,35,46400,56800,34000,545,280,265,48000,62400,34400,380,160,225,7950,6040,8000,40,15,25,6500,NA,9800,295,0,0,0,0,10,0,5,5,10,0,15,15,20,15,15,190,0,0,0,0,10,0,5,10,5,10,20,15,20,20,25,155,4.8,3.8,840,410,435,785,385,405,0,0,0,40,10,25,20,10,5,66.7,14.8,1580,1700,1e+06,1010000,20,0,0,NA,NA,735,50,0,0,45,25,25,0,0,0,0,0,0,0,0,0,0,0,0,0,0,0,0,0,0,0,0,0,0,0,0,0,0,0,0,0,0,0,0,0,0,0,0,760,340,415,45,20,40,0,0,0,0,0,800,360,440,15,10,0,320,135,185,0,0,0,0,0,0,0,0,0,0,0,0,0,0,0,20,0,15,425,210,215,645,305,340,75,40,35,215,80,135,105,100,10,135,55,80,15,0,15,70,25,45,10,0,10,0,0,0,20,0,10,0,0,0,30,60,85,15,405,25,225,0,20,25,75,20,70,85,15,20,305,0,0,10,0,0,100,90,55,40,30
"59152382","DA","59152382",0.6712,705,278,270,"5915002","5915","9330503.03","59933",35,15,20,50,25,30,40,20,20,35,20,20,25,15,10,30,15,10,35,15,20,50,20,25,60,30,25,40,20,15,50,25,25,60,35,25,55,25,25,35,10,25,50,15,30,45,20,25,20,10,10,10,5,5,270,230,0,5,0,390,195,120,15,30,30,120,40,45,15,2.8,48000,67500,39200,575,275,295,43600,58400,35600,535,265,275,45,60,85,70,80,45,60,40,25,25,40,44800,65000,29400,425,215,205,46400,70000,30800,350,135,215,12100,13400,11100,35,10,25,6600,NA,7000,270,0,0,0,0,0,5,0,0,5,5,20,20,10,15,15,155,0,0,0,0,5,5,0,5,10,5,20,25,15,15,15,140,4.8,2.8,705,335,370,665,315,345,0,0,0,35,15,25,5,0,5,60.4,10.4,1700,1840,1e+06,1010000,25,0,0,NA,1800,605,135,0,0,110,40,70,25,10,15,15,0,15,20,10,10,25,10,15,0,0,0,0,0,0,0,0,0,0,0,0,0,0,0,0,0,0,0,0,0,0,0,0,630,315,315,0,40,40,0,0,0,0,0,745,360,390,0,0,0,355,170,180,0,0,0,0,0,0,55,20,35,0,0,0,0,0,0,0,0,0,310,160,150,630,310,330,90,50,40,240,105,135,60,45,15,125,65,60,15,0,15,65,20,45,10,0,0,10,0,10,20,10,10,0,0,0,45,45,90,15,400,10,230,0,20,45,45,10,105,95,10,10,300,35,0,15,0,10,145,65,60,55,30
"59152383","DA","59152383",0.1629,326,111,104,"5915002","5915","9330503.03","59933",15,15,5,20,10,5,15,10,10,20,10,10,10,5,10,15,10,5,20,5,20,20,15,10,15,10,5,15,10,10,15,5,10,15,10,5,15,10,10,20,10,10,10,5,5,5,0,5,15,5,10,50,15,35,105,45,0,0,0,115,165,70,10,20,65,40,20,10,5,2.8,38800,42800,34000,205,100,105,36000,39200,32400,165,75,85,20,35,35,25,30,20,20,5,10,0,0,32400,42800,26400,145,75,75,30200,42800,21000,150,65,85,9100,8600,10700,15,5,10,NA,NA,NA,100,0,0,0,0,0,5,5,5,5,0,5,20,10,5,10,35,0,0,0,0,0,10,0,5,5,0,15,10,5,5,15,30,16.5,13,320,150,170,295,135,160,0,0,0,15,10,5,10,5,5,52.9,17.6,1570,1560,552000,730000,30,0,0,NA,1700,200,70,0,0,75,50,25,0,0,0,40,30,15,0,0,0,0,0,0,0,0,0,0,0,0,0,0,0,0,0,0,0,0,0,10,10,0,0,0,0,0,0,0,205,100,110,0,0,20,0,0,0,0,0,275,150,130,0,0,0,65,30,40,0,0,0,0,0,0,0,0,0,0,0,0,0,0,0,0,0,0,180,100,75,210,100,105,30,25,10,80,40,40,10,10,0,25,0,25,10,0,0,25,15,10,0,0,0,0,0,0,20,0,15,0,0,0,0,15,20,10,120,20,70,0,15,0,25,10,35,10,0,0,70,0,10,0,0,0,25,10,25,10,10
"59152384","DA","59152384",0.1289,481,243,229,"5915002","5915","9330503.07","59933",20,10,10,40,15,20,30,20,10,20,15,10,40,30,15,20,10,5,30,10,15,30,10,20,30,10,20,20,15,10,25,10,10,35,10,20,25,5,15,30,15,15,20,10,15,30,15,15,25,10,15,15,5,10,225,10,0,0,0,175,220,125,30,45,30,80,30,15,15,2.7,35200,35600,34800,385,170,215,33200,34400,32400,320,145,175,35,45,85,85,55,45,15,10,5,5,0,25800,34800,21000,255,115,135,30400,35600,22400,305,120,185,12200,9700,12600,35,10,15,4360,NA,NA,230,5,0,0,0,20,15,15,15,20,10,20,10,20,20,20,40,5,0,0,0,15,10,15,20,20,15,20,20,20,25,15,25,15.6,8,485,225,260,440,210,230,0,0,0,35,10,25,10,0,5,21.1,15.8,584,720,4e+05,370000,160,25,28.1,1330,1340,395,160,10,0,185,90,95,25,10,15,25,20,0,35,15,25,0,0,0,0,0,0,40,25,15,0,0,0,0,0,0,0,0,0,0,0,0,0,0,0,0,0,0,380,180,205,15,10,0,0,0,0,0,0,565,265,300,0,0,0,335,140,200,0,0,0,0,0,0,0,0,0,0,0,0,0,0,0,20,10,15,200,110,90,445,200,245,90,45,45,180,85,95,25,10,0,90,30,60,15,10,10,25,10,15,0,0,0,0,0,0,15,0,10,0,0,0,55,0,55,15,185,35,225,0,0,10,0,20,70,60,0,0,105,10,20,0,0,0,30,60,30,0,25
"59152385","DA","59152385",0.059,715,375,361,"5915002","5915","9330503.07","59933",40,20,25,55,35,20,20,10,10,15,10,10,45,25,25,55,30,30,50,25,20,55,30,25,45,20,20,45,25,25,40,20,20,45,25,20,60,35,25,40,15,20,40,10,30,30,15,10,20,10,15,10,5,5,360,5,0,0,0,245,355,200,40,85,30,90,45,25,10,2.8,33200,35600,28000,585,290,290,31400,33600,26800,435,230,205,35,95,145,135,80,50,25,10,5,0,0,27800,33600,23800,385,210,175,29000,36400,25000,470,210,260,9400,8400,10600,55,25,30,4320,4360,4280,360,5,0,0,20,35,20,20,30,20,15,40,40,25,35,10,45,5,0,0,20,35,20,30,25,25,25,45,40,35,15,15,25,21.6,9.6,715,365,355,650,320,335,0,0,0,35,20,15,30,20,10,80,0,NA,1300,NA,480000,325,10.8,35.4,1050,1090,560,135,0,0,185,105,85,30,15,15,0,0,0,0,0,0,0,0,0,0,0,0,20,20,0,70,35,40,0,0,0,10,10,0,0,0,0,0,0,0,0,0,0,515,250,265,20,10,25,0,0,0,0,0,695,355,350,30,10,15,265,110,155,0,0,0,0,0,0,0,0,0,0,0,0,0,0,0,10,0,0,390,230,165,580,280,290,175,100,75,170,95,70,55,30,25,115,35,80,20,0,20,30,10,15,0,0,0,0,0,0,10,0,0,0,0,0,110,35,75,20,305,65,205,0,15,20,20,0,125,115,15,10,175,30,40,35,0,0,85,100,55,10,35
"59152386","DA","59152386",0.2258,551,389,369,"5915002","5915","9330503.07","59933",10,5,5,0,0,0,5,5,0,10,5,5,15,5,10,30,20,15,25,20,5,20,10,10,15,5,10,15,5,5,20,10,10,30,15,15,50,25,25,55,10,35,65,25,30,80,25,55,55,20,35,60,15,45,370,0,0,0,0,235,295,90,25,95,90,110,15,0,0,2.2,34400,45200,29200,525,225,305,32400,40400,28000,440,190,250,30,65,145,100,70,50,20,15,10,15,10,23400,36400,17000,275,140,135,31800,39600,18600,435,170,265,15400,14100,16400,25,15,10,6040,NA,NA,370,5,0,0,5,55,35,30,20,20,20,40,35,15,20,20,55,5,0,0,5,55,40,35,25,25,30,30,30,25,15,15,40,20,6.4,550,240,315,510,215,295,0,0,0,35,20,15,5,0,5,45.7,25.7,735,1020,376000,364000,200,17.5,62.5,1040,1250,380,165,10,0,80,40,45,35,20,15,10,0,0,10,0,0,0,0,0,0,0,0,0,0,0,0,0,0,0,0,0,0,0,0,0,0,0,0,0,0,0,0,0,470,215,255,0,0,0,0,0,0,0,0,550,260,295,0,0,0,285,120,165,25,15,15,0,0,0,0,0,0,0,0,0,0,0,0,10,0,0,215,105,115,535,245,290,125,55,75,160,70,90,50,25,20,100,45,55,15,0,15,60,25,30,0,0,0,0,0,0,25,20,0,0,0,0,25,15,40,10,185,20,335,0,20,15,10,10,45,50,0,10,110,10,10,10,0,0,35,30,55,0,15
"59152387","DA","59152387",0.0622,523,316,307,"5915002","5915","9330503.07","59933",25,10,15,15,5,10,10,5,15,15,5,10,20,5,5,45,25,25,35,20,15,30,20,15,25,10,15,30,15,15,45,20,25,45,35,15,35,20,15,50,15,35,30,20,10,30,20,15,15,10,5,15,5,10,305,0,0,0,0,165,305,160,20,80,45,75,25,10,5,2.6,36000,40400,31200,465,240,230,33600,37600,29400,375,195,175,30,60,120,95,75,40,25,10,0,0,10,28600,34000,23800,310,160,145,33600,36800,27000,365,175,185,11700,12200,11400,35,20,15,5560,5600,NA,310,5,5,0,10,35,25,15,15,15,25,30,20,25,20,10,50,5,5,0,15,35,20,20,25,20,20,35,30,25,10,10,35,21.2,14,525,260,265,495,250,245,0,0,0,20,10,15,5,0,5,47.1,0,1260,1380,448000,480000,260,15.4,46.2,900,970,450,140,20,0,170,105,70,95,60,35,0,0,0,0,0,0,45,25,20,20,0,10,0,0,0,0,0,0,0,0,0,0,0,0,0,0,0,0,0,0,0,0,0,435,215,225,10,10,25,0,0,0,0,0,605,315,295,0,0,0,235,110,125,0,0,0,0,0,0,25,10,15,75,50,25,0,0,0,0,0,0,260,145,115,550,280,270,180,120,60,175,70,105,55,35,15,50,10,40,30,0,25,55,35,15,0,0,0,0,0,0,0,0,0,0,0,0,85,30,35,20,250,40,255,0,20,0,0,0,85,75,0,30,165,15,30,10,0,0,115,45,35,20,15
"59152388","DA","59152388",0.2411,633,301,292,"5915002","5915","9330503.09","59933",35,10,25,55,30,20,50,25,25,45,20,25,20,10,10,15,5,15,25,10,20,30,10,20,25,10,15,35,15,20,25,10,15,20,10,20,30,15,15,30,10,20,55,20,35,45,20,25,30,10,25,65,25,35,295,5,0,0,0,240,260,115,25,55,70,105,20,10,30,3,32800,34800,31000,485,195,290,31600,33600,30000,380,155,220,40,70,120,95,70,50,25,10,5,0,0,16600,20400,14400,250,105,145,12900,13300,12600,415,155,255,16000,16200,15600,20,10,5,NA,NA,NA,290,0,0,0,10,15,15,20,30,15,20,40,40,25,20,15,30,0,0,0,10,15,20,20,30,25,25,35,45,20,15,10,20,21.6,6,630,270,365,600,255,345,0,0,0,20,5,15,15,10,10,43.3,0,376,730,6e+05,570000,135,40.7,25.9,1050,1000,395,230,0,0,220,110,110,30,10,15,0,0,0,25,0,15,20,0,20,105,70,35,20,10,10,0,0,0,0,0,0,0,0,0,0,0,0,0,0,0,0,0,0,405,170,235,10,0,0,0,0,0,0,0,630,285,345,0,0,0,320,115,200,0,0,0,0,0,0,130,85,50,0,0,0,0,0,0,0,0,0,160,75,80,495,215,285,140,70,75,155,55,100,40,35,0,85,25,60,10,10,0,40,15,25,0,0,0,0,0,0,0,0,0,0,0,0,60,15,45,0,155,20,325,0,0,10,10,0,55,50,0,10,95,20,10,0,0,0,55,40,15,0,25
"59152389","DA","59152389",0.5134,1595,730,696,"5915002","5915","9330503.09","59933",95,45,50,70,35,35,60,25,35,55,35,20,45,20,25,100,40,60,135,60,75,160,85,75,90,50,45,100,45,55,100,40,60,85,40,50,100,35,65,75,30,45,80,30,45,80,25,50,60,30,30,95,25,70,695,5,40,0,0,745,620,305,45,125,150,255,95,55,30,2.7,44800,52400,40000,1245,560,680,40400,46800,37200,1105,520,585,100,110,190,205,190,165,120,70,40,25,25,40000,51200,33600,970,470,500,42800,51600,35600,785,290,495,8500,4800,9500,95,30,65,4680,3440,5760,695,10,0,5,15,25,20,20,20,30,30,65,65,60,55,40,250,10,0,5,15,25,25,20,30,30,35,80,75,55,50,60,180,10,5.8,1500,685,810,1405,650,760,0,0,0,70,30,40,20,5,15,72.1,24.6,1390,1420,492000,508000,100,35,30,1120,1160,1095,390,10,0,315,120,195,95,35,55,35,10,25,75,20,50,45,25,20,15,10,0,15,0,15,0,0,0,0,0,0,20,0,15,0,0,0,0,0,0,0,0,0,1185,545,635,0,45,65,0,0,0,0,0,1500,665,840,0,0,0,655,250,405,0,0,0,0,0,0,35,20,10,0,0,0,0,0,0,15,0,15,750,375,375,1275,575,705,180,100,80,405,185,225,155,115,35,245,70,175,50,25,30,160,55,110,20,0,20,0,0,0,50,20,30,0,0,0,65,105,210,45,780,20,475,10,35,45,85,20,235,180,15,20,525,35,40,15,0,10,175,195,140,55,65
"59152390","DA","59152390",0.8281,795,412,385,"5915002","5915","9330503.09","59933",65,30,30,40,15,20,30,15,10,30,10,15,70,30,30,110,45,65,110,50,65,80,40,35,60,30,30,45,20,25,35,20,20,35,20,15,30,10,15,20,10,10,15,10,10,15,5,10,10,5,5,10,0,5,385,0,170,0,0,345,320,215,35,50,15,125,55,25,15,2.6,43200,50000,37200,650,310,340,38800,44800,34000,565,275,290,40,55,115,120,145,80,50,25,15,5,10,37200,44800,29400,545,270,270,38400,45200,32000,445,180,265,1940,1240,4600,70,30,40,5760,5720,6400,385,0,0,5,0,15,15,15,20,15,15,40,40,30,40,30,105,0,0,5,0,15,20,20,15,15,20,50,35,45,40,30,65,11.6,6.4,795,380,415,725,350,370,0,0,0,45,20,25,30,10,15,92.5,30,1540,1600,380000,4e+05,195,10.3,28.9,1600,1470,540,240,35,0,360,175,180,65,45,20,10,0,10,40,10,30,40,20,25,20,10,10,50,30,25,65,25,40,0,0,0,30,15,15,0,0,0,0,0,0,30,20,10,460,185,275,25,15,25,0,0,0,0,0,815,365,455,40,15,25,260,95,165,30,25,10,0,0,0,0,0,0,25,15,10,0,0,0,0,0,0,430,205,225,675,295,380,125,55,70,195,75,120,85,65,10,100,30,70,45,25,15,105,35,75,0,0,0,0,0,0,20,0,20,0,0,0,75,70,85,40,500,30,145,0,25,10,35,0,160,125,0,35,345,15,35,25,0,0,110,105,110,60,40
"59152391","DA","59152391",0.1343,1260,560,500,"5915002","5915","9330503.07","59933",10,10,0,0,0,0,10,0,0,15,5,10,15,5,10,20,15,5,20,10,5,55,30,25,20,10,10,45,25,20,55,35,25,130,75,55,140,85,55,175,90,85,150,75,75,125,65,60,100,45,65,175,50,125,500,5,0,0,0,350,895,250,95,260,285,50,5,0,5,2.6,23200,23000,23200,590,310,275,23000,22800,23200,290,150,145,25,140,265,60,35,25,20,10,0,0,5,13600,23200,10700,195,110,85,26200,32400,23200,530,275,250,15500,15500,17400,35,20,10,3180,2840,NA,500,0,0,10,110,175,60,20,15,10,10,15,10,10,15,0,35,0,0,10,110,180,65,20,10,10,15,15,10,15,5,5,25,57.6,31.6,615,325,285,590,315,270,0,0,0,20,15,10,0,0,0,NA,NA,NA,NA,NA,NA,450,71.1,57.3,830,836,435,95,0,0,55,30,20,0,0,0,10,0,10,0,0,0,20,10,0,0,0,0,0,0,0,0,0,0,0,0,0,0,0,0,0,0,0,0,0,0,0,0,0,475,260,215,0,10,0,0,0,0,0,0,525,290,240,0,0,0,305,160,145,0,0,0,0,0,0,0,0,0,0,0,0,0,0,0,20,15,10,190,115,80,510,280,235,160,100,60,175,90,85,30,25,0,105,45,60,15,0,15,25,10,10,0,0,0,0,0,0,0,0,0,0,0,0,80,15,60,0,100,20,395,0,10,0,0,0,45,30,0,0,45,0,25,10,0,0,25,25,10,15,10
"59152392","DA","59152392",0.8805,2126,1247,1167,"5915002","5915","9330503.08","59933",105,55,45,60,30,30,50,30,25,60,35,25,125,55,70,280,135,145,275,140,135,195,105,90,145,75,65,125,55,70,120,60,60,135,65,70,130,65,65,115,45,65,100,50,45,35,15,20,40,15,20,25,10,15,1170,5,0,0,0,915,990,625,90,200,75,370,130,30,20,2.5,42800,48000,39600,1850,900,950,38800,42800,36400,1640,815,825,115,185,335,325,320,230,130,105,35,35,35,38400,43600,33600,1470,740,730,40400,44400,36000,1260,565,695,2860,1430,5200,135,70,55,6080,4840,7050,1170,25,5,15,30,60,40,45,50,65,45,115,105,95,90,85,295,25,5,15,30,60,50,60,70,65,70,130,110,115,100,85,185,13.7,8.8,2125,1055,1075,2005,995,1010,0,0,0,75,35,40,45,20,20,75.9,27.8,1520,1430,4e+05,414000,620,8.9,23.8,1310,1300,1385,620,110,0,745,370,375,100,45,55,105,55,50,30,20,10,175,90,80,0,0,0,80,40,40,75,45,30,25,10,15,95,40,55,15,0,10,15,0,10,35,10,25,1370,680,690,30,45,10,0,20,0,0,0,2115,1050,1065,35,15,20,805,415,385,35,10,25,0,0,0,35,15,10,35,10,25,0,0,0,10,10,0,1165,575,590,1935,945,995,245,150,95,630,335,295,180,115,60,375,140,235,90,30,60,290,120,175,35,15,15,20,0,15,70,30,35,0,0,0,150,140,295,80,1345,95,495,10,115,85,155,30,360,290,20,105,810,70,130,115,10,30,330,420,230,95,85
"59152393","DA","59152393",0.0518,668,382,369,"5915002","5915","9330503.06","59933",30,15,15,25,10,15,20,5,10,25,10,10,40,20,20,80,40,40,65,30,35,50,30,25,35,30,15,40,15,25,45,20,25,65,35,30,35,10,25,40,15,25,35,15,20,15,5,10,15,5,5,10,5,10,370,0,0,0,0,250,340,200,25,80,35,110,30,20,10,2.6,42000,46400,38000,585,275,310,38000,41200,34800,515,250,270,40,55,100,120,100,85,45,20,15,5,10,37600,42800,30200,455,220,235,38800,44400,32000,420,175,240,4000,1900,5880,35,15,20,4560,NA,4280,370,5,0,0,10,15,5,15,25,15,20,50,45,50,30,15,75,5,0,0,10,10,10,25,25,30,20,55,60,30,15,15,50,10.8,6.4,665,320,350,610,290,320,5,0,0,35,15,20,15,5,10,73.7,31.6,1230,1310,4e+05,432000,190,0,36.8,1340,1260,485,185,0,0,195,85,110,25,10,15,10,0,0,0,0,0,20,0,20,40,20,20,0,0,0,35,15,20,0,0,0,0,0,0,0,0,0,0,0,0,10,0,0,480,205,270,0,30,30,0,0,0,0,0,675,290,380,0,0,0,245,100,150,0,0,0,0,0,0,25,15,15,15,10,10,0,0,0,25,15,10,365,160,205,590,260,330,80,50,30,230,90,135,80,55,30,80,25,55,35,0,30,60,25,35,10,0,0,0,0,0,15,0,10,0,0,0,55,40,65,30,340,40,210,0,10,30,20,25,70,75,0,15,230,10,15,35,0,0,65,120,80,20,10
"59152394","DA","59152394",0.9936,1089,549,486,"5915002","5915","9330503.08","59933",85,50,35,65,40,25,40,20,25,40,20,20,70,35,35,135,60,75,125,60,65,105,55,50,75,30,40,65,30,35,55,35,20,55,20,35,70,40,30,30,15,15,30,15,15,25,15,10,10,10,5,5,5,0,490,25,0,0,0,485,410,260,45,90,20,165,70,35,30,2.8,44000,52400,37600,860,425,440,39600,45600,34400,760,385,380,65,75,160,140,160,100,75,35,30,10,15,38000,50800,29600,710,350,360,39600,52400,30200,555,230,325,2880,1060,4560,80,25,55,5640,4800,6400,485,10,0,0,5,15,15,15,15,20,20,35,55,45,25,40,165,10,0,0,5,20,20,10,30,15,20,60,55,40,50,40,110,11.2,5.8,1085,550,535,1015,510,500,10,0,5,45,25,20,20,10,10,87.5,21.9,1880,1760,448000,480000,260,0,30.8,1540,1500,620,240,10,0,240,125,115,75,30,45,0,0,0,20,10,0,25,10,15,0,0,0,25,25,0,35,20,15,25,10,15,15,0,10,0,0,0,0,0,0,0,0,0,630,330,300,20,45,20,0,0,0,0,0,870,455,415,20,10,15,205,95,110,40,20,20,0,0,0,30,10,20,0,0,0,0,0,0,0,0,0,570,320,250,715,360,355,95,65,30,265,130,135,75,60,10,130,45,80,25,0,20,80,45,40,0,0,0,0,0,0,35,0,30,0,0,0,40,60,110,25,470,70,175,0,30,25,50,20,100,140,10,25,320,35,15,10,10,0,90,95,140,40,30
"59152779","DA","59152779",0.1624,427,154,150,"5915002","5915","9330503.01","59933",20,5,15,40,20,15,20,10,10,25,15,10,20,10,10,20,5,15,25,10,15,45,25,20,25,15,10,40,15,20,35,15,20,35,15,15,40,25,15,15,10,10,10,5,5,10,5,5,10,5,5,0,0,0,150,130,0,0,0,240,115,90,10,10,5,45,35,40,5,3.1,54000,60000,46400,330,165,165,48000,52000,41600,315,160,155,25,30,35,45,40,50,15,20,20,15,30,47200,62000,34800,270,145,125,50000,62400,40000,180,70,115,5840,5920,5760,20,5,15,6550,NA,NA,150,0,0,0,0,0,0,0,0,5,0,10,10,5,5,10,100,0,0,0,0,0,0,0,0,0,5,5,10,5,10,10,85,3.2,2.8,420,215,205,405,210,195,0,0,0,20,5,10,0,0,0,53.6,14.3,1480,1680,1160000,1160000,0,NA,NA,NA,NA,345,35,0,0,25,0,20,0,0,0,20,0,15,0,0,0,0,0,0,0,0,0,0,0,0,0,0,0,0,0,0,0,0,0,0,0,0,0,0,0,0,0,0,360,205,155,0,0,20,0,0,0,0,0,385,210,175,0,0,0,120,60,60,0,0,0,0,0,0,0,0,0,0,0,0,0,0,0,0,0,0,260,145,115,325,180,150,25,20,0,140,75,70,45,40,0,50,25,25,15,0,10,35,10,25,0,0,0,0,0,0,0,0,0,0,0,0,15,35,45,10,220,0,105,0,10,15,30,0,40,55,0,25,175,0,0,0,0,0,45,40,45,25,30
"59152780","DA","59152780",0.2247,445,146,146,"5915002","5915","9330503.01","59933",35,20,15,30,15,20,20,10,10,25,10,15,30,15,10,15,5,5,25,20,15,35,15,20,30,15,15,30,10,20,40,25,10,25,5,15,30,15,20,25,15,15,30,10,10,10,10,5,10,0,5,5,0,0,145,125,0,0,0,245,115,85,10,10,15,65,35,35,5,2.9,46400,52000,41600,350,170,180,42400,46000,37600,325,160,170,35,30,50,50,50,40,35,30,20,5,10,46400,54000,36000,260,135,130,47600,54000,39200,200,80,120,8100,12500,7850,20,5,20,8000,NA,NA,150,0,0,0,0,0,0,0,0,5,0,0,5,5,15,10,90,0,0,0,0,0,0,0,0,5,5,10,5,20,15,15,70,10.4,6.4,445,215,230,425,210,210,0,0,0,20,5,15,0,0,0,66.7,23.3,1960,1960,1e+06,1060000,0,NA,NA,NA,NA,445,60,10,0,35,15,20,0,0,0,0,0,0,20,10,10,0,0,0,0,0,0,0,0,0,0,0,0,0,0,0,0,0,0,10,0,0,0,0,0,0,0,0,475,240,240,10,20,45,0,0,0,0,0,515,255,260,0,0,0,170,85,90,0,0,0,0,0,0,0,0,0,0,0,0,0,0,0,0,0,0,340,170,170,375,175,200,45,25,25,120,55,65,35,25,10,80,40,40,30,10,15,50,20,30,15,0,15,0,0,0,10,0,0,0,0,0,10,30,60,15,240,10,130,0,20,20,25,20,55,50,10,10,185,0,0,0,0,0,55,60,50,15,10
"59152781","DA","59152781",0.2586,687,239,231,"5915002","5915","9330503.01","59933",35,15,15,40,25,20,60,30,30,40,20,15,40,25,10,40,20,20,40,20,20,50,25,30,45,25,20,50,25,25,50,25,25,60,30,30,45,25,20,35,20,20,25,10,10,10,10,5,5,0,0,5,0,5,230,170,0,0,0,340,215,155,15,20,20,90,40,50,15,3,48400,56800,43200,540,275,260,43200,49200,39200,510,265,245,50,50,70,65,90,50,50,45,30,20,25,42800,58400,34800,440,230,210,44400,62400,34800,305,125,180,4520,2520,5840,35,15,20,5120,NA,5000,230,0,0,0,0,0,5,0,10,0,0,10,5,10,10,20,145,5,0,0,0,0,5,10,0,0,10,5,10,10,25,20,120,4.4,4.8,685,355,335,645,335,310,0,0,0,30,15,15,10,5,5,61,24.4,1600,1920,1e+06,1070000,25,0,0,NA,1300,580,60,0,0,35,20,20,30,15,20,0,0,0,0,0,0,0,0,0,0,0,0,0,0,0,0,0,0,0,0,0,0,0,0,0,0,0,0,0,0,0,0,0,610,310,300,0,25,0,0,0,0,0,0,645,325,320,0,0,0,245,105,135,0,0,0,0,0,0,0,0,0,25,10,20,0,0,0,0,0,0,375,210,160,515,260,255,45,25,20,200,115,85,65,35,30,125,40,85,15,0,10,55,25,30,0,0,0,0,0,0,0,0,0,0,0,0,15,55,100,0,350,25,145,0,15,20,35,0,85,120,0,10,265,15,10,0,0,0,80,85,75,20,35
"59152782","DA","59152782",0.2642,632,214,206,"5915002","5915","9330503.01","59933",30,15,15,65,40,25,30,10,20,40,15,25,25,5,15,40,25,10,30,15,10,65,30,35,60,35,35,45,25,20,40,15,20,45,25,25,30,20,10,40,15,20,35,15,20,15,5,5,5,5,0,5,5,0,210,175,0,0,0,350,160,115,10,20,15,80,45,45,20,3.1,54800,63600,41600,480,240,235,49200,55200,38000,455,235,225,30,45,80,45,50,65,45,45,25,15,40,50800,65500,30400,400,210,190,53200,67500,34800,285,115,170,5920,6080,5800,25,5,20,5920,NA,5800,205,0,0,0,0,0,0,0,0,0,0,10,5,5,15,10,150,0,0,0,0,5,0,0,0,5,5,10,5,15,10,20,125,1.8,2.4,630,315,315,595,300,295,0,0,0,35,15,25,0,0,0,65.9,7.3,2400,2000,1e+06,1080000,15,0,0,NA,2000,600,115,0,0,100,40,60,65,30,35,15,10,0,0,0,0,0,0,0,0,0,0,0,0,0,0,0,0,0,0,0,0,0,0,0,0,0,0,0,0,0,0,0,620,315,305,15,30,10,0,0,0,0,0,720,355,365,0,0,0,300,145,160,0,0,0,0,0,0,0,0,0,70,30,35,0,0,0,0,0,0,345,175,175,580,290,290,115,55,55,180,95,85,65,55,10,110,45,65,25,15,15,55,20,30,15,0,15,0,0,0,15,0,15,0,0,0,45,65,85,25,360,35,185,0,20,10,50,15,70,100,10,20,290,25,0,0,0,0,90,65,80,50,30
"59152783","DA","59152783",0.1824,281,107,103,"5915002","5915","9330503.01","59933",10,5,5,25,10,10,15,10,5,15,5,5,15,10,0,10,5,5,10,5,5,20,10,15,25,15,15,15,10,5,15,10,5,30,15,15,30,10,15,20,10,15,15,5,10,10,10,0,0,0,0,5,0,5,100,90,0,0,0,170,65,45,0,5,10,50,20,15,5,2.8,46800,55600,40000,225,115,110,42000,48800,36800,215,110,105,10,25,30,40,25,15,15,20,15,15,15,47600,58000,37600,180,95,85,47600,70500,35600,130,55,75,9200,11700,6450,15,5,5,NA,NA,NA,100,0,0,0,0,0,0,0,0,0,0,5,5,0,5,5,65,0,0,0,0,0,0,0,0,0,5,10,5,5,10,0,60,4.5,3,280,145,135,255,135,125,0,0,0,25,10,15,0,0,0,60,0,1680,1800,1100000,1280000,0,NA,NA,NA,NA,265,25,0,0,15,10,10,0,0,0,0,0,0,0,0,0,0,0,0,0,0,0,0,0,0,0,0,0,0,0,0,0,0,0,0,0,0,0,0,0,0,0,0,275,150,125,0,0,0,0,0,0,0,0,295,160,135,0,0,0,140,65,75,0,0,0,0,0,0,0,0,0,0,0,0,0,0,0,0,0,0,155,95,55,230,125,100,20,20,0,75,40,35,40,25,10,35,15,20,10,0,0,50,25,25,0,0,0,0,0,0,0,0,0,0,0,0,10,30,35,0,155,10,65,0,10,15,20,0,30,40,0,0,130,0,0,0,0,0,30,40,25,35,0
"59152784","DA","59152784",0.1748,451,181,178,"5915002","5915","9330503.03","59933",25,5,20,25,10,10,15,5,5,25,10,15,15,10,10,15,10,5,25,10,10,25,15,20,30,10,10,35,15,10,30,10,15,35,15,20,30,15,20,35,15,20,30,15,20,35,15,15,10,10,5,15,0,10,180,55,0,0,0,255,135,80,10,25,15,80,30,30,10,2.8,43200,53200,36800,380,175,200,40400,48400,34000,350,165,180,30,55,50,55,50,50,30,25,15,10,15,36000,49200,28200,275,140,140,36800,50000,32000,250,110,140,11500,14100,9600,20,10,15,2960,NA,NA,180,0,0,0,0,0,5,0,5,5,0,15,15,5,15,15,85,0,0,0,0,0,5,0,10,5,10,20,10,15,15,10,70,5.2,1.6,450,210,245,430,200,230,0,0,0,20,5,10,0,0,5,57.1,11.4,1180,1280,7e+05,740000,0,NA,NA,NA,NA,420,55,0,0,50,25,15,0,0,0,20,10,10,0,0,0,0,0,0,0,0,0,0,0,0,0,0,0,0,0,0,0,0,0,0,0,0,0,0,0,0,0,0,425,205,220,0,30,0,0,0,0,0,0,470,230,235,0,0,0,235,100,130,0,0,0,0,0,0,0,0,0,0,0,0,0,0,0,0,0,0,225,125,100,410,195,205,60,35,25,185,90,95,35,30,10,60,20,40,15,0,0,20,0,20,15,15,0,0,0,0,10,0,10,0,0,0,15,25,45,10,195,10,200,0,10,0,25,15,70,45,0,0,145,0,10,0,0,0,60,40,25,20,15
"59152785","DA","59152785",0.2795,708,244,231,"5915002","5915","9330503.03","59933",50,25,25,50,20,25,45,20,25,40,20,20,50,25,25,50,30,25,35,20,20,55,30,30,45,25,20,45,20,25,55,25,30,60,25,35,30,15,15,35,15,20,25,15,10,20,5,15,5,5,5,5,0,5,230,165,0,0,0,365,200,150,10,25,20,95,45,40,25,3.1,45200,59200,35200,555,275,275,41200,52000,32000,500,260,240,60,55,85,70,65,65,45,35,20,15,40,40000,58400,32000,440,220,220,46800,64500,33600,325,135,190,5480,5720,5280,40,15,25,8300,NA,8100,230,0,0,0,0,5,5,0,5,5,10,10,10,20,15,5,140,0,0,0,0,5,5,5,5,5,10,10,15,15,20,10,120,4.4,3.6,710,355,355,670,340,335,0,0,0,35,15,15,5,0,5,72.2,19.4,2240,2200,1e+06,1120000,30,0,0,NA,1900,520,115,0,0,150,60,85,70,30,45,0,0,0,0,0,0,0,0,0,0,0,0,0,0,0,40,20,25,0,0,0,0,0,0,0,0,0,0,0,0,0,0,0,490,255,235,0,0,0,0,0,0,0,0,640,315,325,0,0,0,305,150,150,0,0,0,0,0,0,0,0,0,65,30,45,0,0,0,0,0,0,265,130,135,515,260,255,60,20,40,165,90,80,85,80,0,70,20,55,20,10,10,80,30,55,10,0,0,0,0,0,30,10,15,0,0,0,35,50,60,15,335,25,155,0,15,10,55,0,75,110,0,10,275,15,0,0,0,0,60,85,85,45,25
"59153545","DA","59153545",0.1698,521,194,189,"5915002","5915","9330503.06","59933",35,20,15,45,20,20,40,20,15,30,20,10,20,15,10,30,20,10,30,10,15,55,25,30,40,15,25,40,20,20,25,10,10,35,20,15,25,10,15,15,5,5,25,10,15,15,10,5,10,5,5,5,0,0,190,45,0,0,0,230,175,115,20,30,15,70,35,40,10,2.9,40800,48400,34000,400,200,200,36400,43200,31800,350,180,170,40,45,70,70,65,45,30,20,15,5,5,36400,46800,23800,295,150,145,38000,50400,28200,255,100,155,7750,3880,8600,30,10,20,5120,NA,4760,190,0,0,0,0,5,5,5,5,10,10,15,15,20,20,5,75,0,0,0,0,5,5,5,10,10,10,15,25,15,20,10,55,6.4,4.4,520,265,260,495,250,245,0,0,0,20,10,10,10,0,5,65.2,26.1,1250,1340,548000,550000,70,0,28.6,1820,1800,375,135,0,0,150,110,40,20,15,0,0,0,0,35,25,10,20,10,10,0,0,0,0,0,0,0,0,0,0,0,0,0,0,0,0,0,0,0,0,0,0,0,0,360,160,200,0,0,0,0,0,0,0,0,510,270,245,0,0,0,220,100,120,0,0,0,0,0,0,0,0,0,0,0,0,0,0,0,0,0,0,270,150,120,400,205,200,65,40,25,155,85,70,30,10,15,65,15,50,15,0,10,45,30,15,0,0,0,0,0,0,20,15,0,0,0,0,25,25,50,10,255,10,130,0,10,10,20,10,95,40,15,25,180,10,25,0,0,0,95,50,35,25,10
"59153546","DA","59153546",0.0932,396,148,145,"5915002","5915","9330503.07","59933",30,10,15,35,15,20,35,15,20,20,10,10,20,5,15,20,5,10,40,25,20,30,10,20,30,15,20,35,20,20,25,10,20,25,15,15,10,10,5,20,10,10,5,0,10,0,0,0,0,0,0,0,0,0,145,0,0,0,0,145,150,105,15,30,5,35,30,30,10,3.2,38800,43200,36400,290,130,160,36000,38800,33600,240,110,135,30,35,50,65,50,25,15,10,0,5,0,33600,40000,28800,225,105,120,35600,41200,30600,205,75,135,4720,920,6280,15,5,10,NA,NA,NA,145,0,0,0,0,10,0,5,5,15,5,5,10,10,20,5,45,0,0,0,0,10,5,5,10,15,10,10,15,20,15,10,30,11.2,6.4,395,175,220,365,165,205,0,0,0,25,10,20,0,0,0,85.7,28.6,1200,1160,420000,420000,60,0,41.7,1720,1600,275,50,0,0,60,30,20,0,0,0,0,0,0,0,0,0,10,10,0,0,0,0,15,0,10,0,0,0,0,0,0,0,0,0,0,0,0,0,0,0,0,0,0,265,110,155,0,30,0,0,0,0,0,0,325,145,180,0,0,0,105,35,75,0,0,0,0,0,0,0,0,0,0,0,0,0,0,0,0,0,0,215,105,105,275,125,150,80,35,40,70,25,45,25,20,0,55,15,40,10,10,0,25,0,20,0,0,0,0,0,0,10,0,0,0,0,0,45,25,45,0,175,20,80,0,10,20,20,0,55,60,0,20,140,10,15,10,0,0,60,50,30,15,15
